bx,phi,phiB,wheel,sector,station,quality,is2nd
0,791,-14,-2,9,1,6,0
0,508,-25,1,7,1,6,0
0,478,-15,1,7,2,6,0
0,457,-10,1,7,3,6,0
0,449,-4,1,7,4,5,0
1,-1411,98,2,4,4,2,0
1,-986,-197,2,12,4,2,0
2,-986,-161,2,12,4,2,0
-2,937,106,2,6,1,2,0
0,224,4,2,8,1,5,0
0,231,1,2,8,2,6,0
0,234,-3,2,8,3,2,0
2,-334,-112,2,9,1,2,0
0,1017,2,-2,9,3,3,0
0,-1123,1,-2,10,4,5,0
1,-1121,-2,-2,10,4,4,0
0,971,22,-1,9,1,6,0
-3,-526,40,2,4,3,3,0
0,-517,-11,2,4,2,6,0
0,-553,9,-1,7,1,6,0
0,-543,7,-1,7,2,6,0
0,-554,-65,-1,7,3,4,0
0,-531,-12,-1,7,4,2,0
-3,-250,32,1,1,2,3,0
-1,-219,157,1,1,2,3,0
0,-393,-104,1,1,2,3,0
0,-339,-7,0,5,1,6,0
0,-347,-3,0,5,2,4,0
0,-354,1,0,5,3,5,0
0,457,13,2,6,1,6,0
0,470,9,2,6,2,6,0
0,474,20,2,6,3,2,0
2,259,-240,2,9,1,6,0
2,48,-23,2,9,2,5,0
0,-510,14,-1,6,2,5,0
0,-495,10,-1,6,3,6,0
0,-216,240,2,8,1,5,0
0,-558,-9,2,12,1,2,0
0,-574,-7,2,12,2,5,0
0,229,233,-2,7,1,6,0
0,487,128,-2,7,2,6,0
0,511,-19,-2,7,3,4,0
0,208,18,-2,11,1,6,0
0,227,10,-2,11,2,6,0
0,150,-7,1,4,4,5,0
2,304,-167,-2,12,1,3,0
0,511,-16,1,4,1,6,0
0,492,-11,1,4,2,6,0
0,465,-6,1,4,4,2,0
0,792,-12,-2,11,1,6,0
1,450,-310,-1,2,1,6,0
1,144,-147,-1,2,2,2,0
0,22,15,-2,8,2,5,0
0,36,7,-2,8,3,5,0
0,-312,-13,1,2,1,3,0
-1,-357,-7,2,2,4,6,0
0,-346,-8,2,2,3,6,0
0,-105,6,1,3,1,6,0
0,-97,13,1,3,2,2,0
0,-88,3,2,3,3,6,0
0,-87,11,2,3,4,3,0
-2,343,243,2,5,1,3,0
1,349,9,2,5,1,3,0
-1,31,-5,-1,10,3,5,0
0,71,-19,-1,10,1,5,0
0,48,-11,-1,10,2,6,0
0,233,9,1,4,4,6,0
-3,-1454,4,-1,1,4,2,0
-2,-1458,-40,-1,1,4,3,0
0,746,-20,-1,12,1,6,0
0,727,-14,-1,12,2,6,0
0,709,-4,-1,12,3,6,0
0,524,-15,1,10,1,5,0
0,-113,13,2,4,1,6,0
0,-96,10,2,4,2,6,0
0,-83,9,2,4,3,6,0
-1,565,-224,2,10,4,3,0
0,492,-9,2,10,3,6,0
3,973,-176,0,11,1,5,0
3,787,-124,0,11,2,2,0
3,620,-48,0,11,3,5,0
0,-158,25,1,11,1,6,0
0,-124,21,1,11,2,6,0
0,-100,15,1,11,3,6,0
0,1441,1,1,7,4,6,0
0,-672,40,1,8,2,5,0
0,-697,-5,1,8,3,5,0
0,-688,7,1,8,2,3,1
-3,-729,196,2,2,2,2,0
-1,-371,73,0,9,3,3,0
0,-298,-26,0,9,1,6,0
0,-327,-20,0,9,2,5,0
0,-349,-35,0,9,3,2,0
0,-363,-6,0,9,4,3,0
0,-364,-33,-2,4,1,2,0
0,503,11,1,10,3,6,0
0,513,3,1,10,4,6,0
0,50,20,-2,3,4,2,0
0,24,11,-1,3,1,6,0
0,39,-4,-1,3,2,2,0
3,-709,89,-1,6,2,2,0
-1,363,-124,1,8,4,3,0
0,783,-27,1,9,1,5,0
0,754,-18,1,9,2,6,0
0,735,-7,1,9,3,6,0
0,393,3,-2,7,1,3,0
0,407,5,-2,7,2,5,0
0,417,3,-2,7,3,6,0
-1,426,-207,1,7,1,3,0
0,-298,30,1,12,1,5,0
0,-262,19,1,12,2,4,0
0,-239,10,2,12,3,6,0
0,-232,3,2,12,4,6,0
-3,275,-299,1,2,4,2,0
-1,399,-23,-2,6,4,2,0
0,404,-9,-2,6,3,6,0
0,398,3,-2,6,4,3,0
0,460,-31,-1,6,1,5,0
0,-588,22,2,12,1,2,0
0,558,35,-1,10,1,3,0
0,588,17,-1,10,2,5,0
0,617,16,-1,10,3,6,0
0,631,9,-1,10,4,5,0
0,1093,-7,2,7,1,3,0
0,1063,-5,2,7,3,6,0
0,-1066,-12,2,8,2,6,0
0,-809,-5,-2,2,3,6,0
0,-812,1,-2,2,4,6,0
-2,197,77,2,9,1,6,0
-2,-188,225,0,1,1,2,0
-1,-163,-31,0,1,3,3,0
0,-176,36,0,1,1,6,0
0,-177,12,0,1,2,6,0
0,-160,6,0,1,4,6,0
0,226,10,-1,9,1,5,0
0,240,20,-1,9,2,5,0
0,255,4,-1,9,3,4,0
0,259,0,-1,9,4,5,0
-2,837,-258,2,2,2,2,0
0,-797,10,-2,9,2,5,0
0,-792,-2,-2,9,3,5,0
0,-406,-1,-2,7,2,3,0
0,-392,11,-2,7,3,6,0
0,-383,4,-2,7,4,6,0
0,-432,19,-1,7,1,5,0
3,546,-266,2,11,1,5,0
1,1175,32,-1,9,1,2,0
-2,510,-43,2,1,1,5,0
0,26,23,2,5,1,3,0
0,42,12,2,5,2,6,0
0,52,5,2,5,3,6,0
0,1122,-299,1,12,1,5,0
0,-892,8,-2,9,2,2,0
0,1224,25,-1,8,1,2,0
0,268,-7,2,12,1,2,0
0,253,-5,2,12,2,6,0
0,241,-10,2,12,3,4,0
0,15,22,0,10,1,6,0
0,44,18,0,10,2,6,0
0,63,10,0,10,3,6,0
0,71,18,0,10,4,2,0
1,-194,179,2,10,1,3,0
2,-272,188,2,10,1,2,0
1,1062,-184,-2,1,1,2,0
0,623,13,2,3,1,6,0
0,638,8,2,3,2,6,0
0,827,-22,2,8,1,6,0
0,808,-22,2,8,2,2,0
0,789,-8,2,8,3,6,0
0,143,-3,-2,11,4,6,0
0,172,-16,-1,11,1,6,0
0,156,-8,-1,11,2,6,0
-1,424,8,0,5,3,5,0
0,398,30,0,5,1,3,0
0,411,13,0,5,2,6,0
0,431,5,0,5,4,6,0
-2,103,40,-2,5,1,3,0
-2,41,74,-2,11,1,2,0
0,1025,15,1,8,1,5,0
0,-1100,9,1,9,2,2,0
-1,1062,-3,2,8,3,2,0
0,1062,14,2,8,3,5,0
0,1067,2,2,8,4,5,0
0,1048,-27,0,2,1,6,0
0,1004,-9,0,2,3,6,0
-2,-1151,-29,0,3,4,5,0
0,-1118,-14,0,3,2,2,0
3,1132,32,2,2,1,6,0
0,268,-35,1,1,1,6,0
0,230,-28,1,1,2,2,0
0,199,-13,1,1,3,5,0
0,188,-3,1,1,4,6,0
-2,551,-1,-2,3,3,4,0
-1,545,86,-2,3,4,2,0
0,559,-5,-2,3,2,4,0
0,554,10,-2,3,3,2,0
0,559,-5,-2,3,2,4,1
0,1365,3,-2,10,4,6,0
0,575,-19,-1,3,1,2,0
0,-817,22,-1,11,2,5,0
-3,56,97,1,7,2,2,0
0,69,6,2,7,3,5,0
0,71,3,2,7,4,6,0
1,69,12,2,7,3,4,0
0,269,28,1,7,1,6,0
0,303,-11,1,7,2,2,0
0,341,10,2,7,3,3,0
0,353,8,2,7,4,6,0
-1,-121,120,-2,8,4,3,0
0,-129,9,-2,8,3,6,0
0,-122,16,-2,8,4,2,0
0,-166,19,-1,8,1,6,0
0,-145,14,-1,8,2,4,0
0,598,-48,1,5,1,3,0
0,-115,17,-2,6,1,6,0
-3,-71,-226,-1,4,1,6,0
-3,-329,-123,-1,4,2,6,0
0,146,-10,-1,5,3,6,0
0,138,-6,-1,5,4,6,0
0,183,4,0,5,1,2,0
-3,-76,10,1,12,1,2,0
0,-74,39,1,12,1,5,0
0,-44,14,1,12,2,6,0
0,-28,12,1,12,3,6,0
0,-20,29,1,12,4,2,0
-1,812,53,1,9,1,2,0
0,807,-16,1,9,1,5,0
0,778,-7,2,9,3,6,0
0,-1374,-3,2,10,4,5,0
0,838,-43,-2,5,1,4,0
0,722,-183,-2,5,2,5,0
0,462,4,1,1,3,5,0
0,465,3,1,1,4,6,0
0,1015,-230,-2,5,1,3,0
-2,-569,72,-2,6,1,2,0
-2,-534,352,-2,6,1,2,1
0,-504,5,-2,6,2,6,0
1,-276,43,-2,6,1,4,0
0,-152,-7,0,12,2,2,0
0,-159,20,1,12,4,2,0
1,-159,3,1,12,4,5,0
-1,606,155,2,10,1,4,0
1,643,165,2,10,1,3,0
0,1214,8,2,11,1,6,0
0,-923,3,2,12,2,4,0
0,81,-10,2,4,2,3,0
0,-407,25,2,11,1,2,0
0,-380,13,2,11,2,5,0
0,702,17,1,10,1,4,0
0,725,14,1,10,2,6,0
0,741,12,1,10,3,6,0
0,750,6,1,10,4,5,0
-2,1262,21,-2,9,1,2,0
-2,-126,-185,0,10,4,2,0
-1,-282,171,0,10,1,6,0
-1,-85,107,0,10,2,5,0
-1,-5,-7,0,10,3,6,0
-1,-179,-131,0,10,4,3,0
0,-284,171,0,10,1,4,0
-1,495,9,1,6,2,5,0
0,466,21,1,6,1,2,0
-1,529,112,2,6,4,3,0
0,525,14,2,6,4,2,0
0,300,-11,2,12,1,6,0
-1,-1469,30,-2,12,4,3,0
0,-1467,-17,-2,12,4,2,0
0,721,-14,-1,11,1,5,0
0,735,174,-1,11,2,2,0
0,686,-6,-1,11,3,5,0
1,-50,361,1,7,4,3,0
2,-71,-95,1,7,2,3,0
2,-185,-46,1,7,3,6,0
-2,534,199,-2,7,1,2,0
-3,961,-53,-2,11,1,6,0
0,190,21,1,3,1,5,0
0,216,17,1,3,2,6,0
0,240,2,2,3,4,6,0
0,1096,-8,2,9,3,2,0
0,-1037,1,2,10,2,3,0
0,681,11,-2,7,1,5,0
0,695,7,-2,7,2,6,0
0,703,9,-2,7,3,5,0
-2,1252,-13,0,1,1,5,0
-3,-956,-250,0,2,4,3,0
0,-955,-9,0,2,4,2,0
3,-172,-57,-2,4,2,2,0
0,-295,63,2,10,1,3,0
0,16,-28,2,8,1,2,0
0,-1393,-6,0,1,4,5,0
0,-1330,296,0,1,4,2,1
0,807,-21,0,12,1,5,0
0,763,-16,0,12,3,2,0
1,784,-46,0,12,2,2,0
-2,-54,86,-2,4,2,2,0
-2,-149,173,2,5,1,3,0
0,-194,-22,1,2,1,6,0
0,-215,-14,1,2,2,5,0
0,-232,-9,1,2,3,6,0
0,-242,-4,1,2,4,5,0
0,-214,53,2,1,4,3,0
0,146,17,-2,6,3,5,0
0,159,10,-2,6,4,5,0
0,99,23,-1,6,1,6,0
3,-1032,56,2,6,2,5,0
-3,1160,-66,-2,5,1,3,0
0,1185,6,-1,7,1,3,0
0,-946,12,-1,8,2,6,0
0,1032,-8,0,11,1,4,0
0,1012,-2,0,11,3,6,0
0,-1137,0,0,12,4,6,0
-3,-338,-202,2,1,1,2,0
-2,907,172,0,9,1,3,0
-1,867,-9,0,9,3,6,0
0,-1279,6,0,10,4,2,0
0,-873,-19,-2,6,2,2,0
3,-890,433,-2,6,2,3,0
0,504,-11,-1,1,1,3,0
0,499,-4,-1,1,2,6,0
0,489,0,-1,1,4,5,0
0,779,-18,1,2,1,3,0
0,766,-14,1,2,2,5,0
-1,-210,411,2,9,1,3,0
0,-481,9,2,9,1,3,0
0,-472,4,2,9,2,5,0
0,-468,4,2,9,3,6,0
0,-294,-13,-2,6,1,5,0
0,-294,-13,-2,6,1,5,1
3,1255,89,-1,3,1,2,0
0,462,-13,0,2,1,6,0
0,-1056,-145,0,2,2,6,0
0,62,16,1,7,1,5,0
0,84,10,1,7,2,6,0
0,97,5,1,7,3,6,0
0,102,14,1,7,4,2,0
0,621,261,2,5,2,2,0
0,-283,36,-2,4,1,2,0
0,-577,21,1,6,1,2,0
1,-519,330,1,6,1,2,0
0,-570,357,2,6,2,2,0
0,-540,7,2,6,3,6,0
0,-532,3,2,6,4,5,0
0,432,10,0,9,1,6,0
0,449,11,0,9,2,5,0
0,464,9,0,9,3,6,0
0,472,-7,0,9,4,2,0
0,219,-27,1,3,1,2,0
-2,180,179,2,3,3,3,0
0,197,-13,2,3,2,6,0
0,182,4,2,3,3,3,0
0,177,-48,2,3,4,2,0
0,472,-12,0,1,1,5,0
0,457,-7,0,1,2,6,0
1,460,-5,0,1,2,2,0
0,438,1,1,1,4,5,0
0,658,19,-2,7,1,5,0
0,680,22,-2,7,2,5,0
0,-620,136,2,3,2,6,0
0,-355,19,-2,1,3,3,0
0,-349,3,-2,1,4,6,0
0,-408,22,-1,1,1,5,0
0,-382,22,-1,1,2,2,0
1,-480,-243,1,8,1,2,0
2,-269,60,-2,7,3,2,0
0,-173,-16,1,5,1,6,0
0,-194,-1,1,5,2,2,0
0,-214,-8,2,5,3,6,0
0,-220,2,2,5,4,3,0
-1,-130,17,-2,12,1,2,0
0,-131,-15,-2,12,1,5,0
0,-147,-7,-2,12,2,6,0
-1,238,-3,2,7,1,3,0
-3,646,205,-2,12,1,2,0
-1,-178,-131,1,8,2,3,0
0,-6,-22,1,8,1,5,0
0,-29,-16,1,8,2,6,0
0,-49,7,1,8,3,2,0
0,-60,-3,2,8,4,6,0
-1,-1361,-52,-2,2,4,2,0
0,-1362,-7,-2,2,4,3,0
0,824,-19,-1,1,1,4,0
0,808,-22,-1,1,2,2,0
0,791,-5,-1,1,3,5,0
3,613,-277,-1,1,2,2,0
0,736,-13,0,4,1,6,0
0,718,-13,0,4,2,6,0
0,704,-7,0,4,3,5,0
0,696,-3,0,4,4,6,0
0,-714,11,0,10,2,5,0
0,-708,5,0,10,3,6,0
0,-708,10,0,10,4,2,0
0,464,-14,-2,9,1,5,0
0,451,-4,-2,9,2,2,0
1,641,-4,1,11,1,6,0
0,176,13,-2,12,3,5,0
0,182,4,-2,12,4,6,0
-3,128,-261,-1,12,1,3,0
0,118,12,-1,12,1,2,0
0,-552,-15,2,6,1,5,0
-1,1501,-452,-2,7,4,2,0
-2,-1388,-196,-1,10,4,3,0
0,-1388,7,-1,10,4,6,0
0,-501,-21,0,1,1,5,0
0,-529,-17,0,1,2,6,0
0,-553,-11,0,1,3,6,0
0,-566,-5,0,1,4,5,0
0,712,12,0,9,1,6,0
1,451,54,2,1,2,6,0
1,527,45,2,1,3,6,0
0,-190,4,-1,8,4,5,0
0,-228,18,0,8,1,6,0
0,-577,-6,-1,2,2,3,0
0,-585,-5,-1,2,3,6,0
0,-590,-5,-1,2,4,6,0
0,947,20,0,5,1,6,0
-1,236,-133,2,6,1,2,0
0,-748,10,0,3,2,5,0
0,-739,9,0,3,3,5,0
0,370,-20,0,8,1,6,0
0,350,-14,0,8,2,6,0
0,336,-13,0,8,3,6,0
0,327,-5,0,8,4,6,0
0,-479,5,-2,3,3,5,0
0,-471,4,-2,3,4,6,0
0,-515,15,-1,3,1,6,0
0,-492,12,-1,3,2,5,0
0,1330,-7,-1,8,4,6,0
0,-791,-14,-1,9,2,6,0
0,-808,-6,-1,9,3,6,0
-1,648,164,-1,1,1,2,0
0,647,21,-1,1,1,5,0
0,669,21,-1,1,2,2,0
0,687,5,-1,1,3,6,0
0,-1454,4,-1,2,4,5,0
-3,374,1,-2,1,4,4,0
-2,375,-8,-2,1,4,4,0
0,361,16,-2,1,2,5,0
0,376,8,-2,1,3,6,0
0,334,20,-1,1,1,6,0
-3,1228,25,2,1,1,3,0
0,111,-18,2,7,1,6,0
0,935,13,-2,8,1,6,0
0,949,-14,-2,8,3,2,0
0,947,-14,-1,2,1,2,0
0,913,-10,-1,2,3,6,0
-1,-461,-23,2,9,1,6,0
0,-329,16,-2,3,4,3,0
0,848,12,-2,8,1,6,0
-1,-311,168,-1,3,2,3,0
0,-293,-18,-1,3,1,5,0
0,-310,-11,-1,3,2,6,0
0,-323,-6,-1,3,3,6,0
0,-584,-6,2,6,1,2,0
0,-605,-11,2,6,2,5,0
0,980,32,2,12,1,3,0
0,-183,-3,-2,4,3,5,0
0,-187,1,-2,4,4,5,0
0,-149,-13,-1,4,1,6,0
0,487,24,1,10,1,6,0
0,517,20,1,10,2,6,0
0,534,13,1,10,3,2,0
0,551,-16,2,10,4,3,0
1,301,15,-2,3,1,5,0
0,231,-14,-1,7,1,5,0
0,220,-1,-1,7,2,2,0
0,208,-6,-1,7,3,6,0
1,219,-10,-1,7,2,4,0
0,-74,10,-2,7,4,2,0
2,1166,-336,-1,4,1,5,0
0,-111,14,-1,7,1,6,0
0,-94,10,-1,7,2,6,0
0,1199,-20,0,12,1,2,0
1,1192,5,0,12,1,3,0
0,-987,0,1,1,4,6,0
-2,27,-312,-1,10,2,6,0
-3,568,-455,0,10,1,3,0
-1,-407,25,0,9,3,2,0
0,-474,31,0,9,1,5,0
0,-431,2,0,9,2,3,0
0,-403,-1,0,9,3,3,0
0,-388,8,0,9,4,6,0
0,885,-93,0,10,1,5,0
0,776,-77,0,10,2,5,0
0,688,-39,0,10,3,6,0
0,651,-23,0,10,4,5,0
-1,532,-107,2,8,1,6,0
-3,175,-47,-2,4,1,3,0
-2,-547,-154,-2,11,2,2,0
0,-528,-15,-2,11,1,6,0
0,1043,16,0,6,1,6,0
0,1076,9,0,6,3,5,0
0,1083,8,0,6,4,6,0
0,-1081,12,0,7,2,5,0
0,-164,-282,2,6,1,2,0
0,-89,17,-1,4,1,6,0
0,-68,14,-1,4,2,5,0
0,-55,7,-1,4,3,3,0
-1,392,3,0,8,1,3,0
0,398,-23,0,8,1,2,0
0,381,-9,0,8,2,6,0
0,903,9,-2,5,3,5,0
0,910,3,-2,5,4,6,0
0,875,9,-1,5,1,6,0
3,80,128,2,9,1,5,0
0,-279,470,-2,12,1,2,0
0,-706,13,2,1,2,6,0
0,-691,8,2,1,3,6,0
0,275,16,0,1,1,6,0
0,295,14,0,1,2,6,0
0,1367,0,0,6,4,6,0
0,-754,-12,0,7,2,6,0
0,-770,-7,0,7,3,3,0
0,-365,2,-2,10,4,6,0
0,-397,12,-1,10,1,6,0
0,-382,10,-1,10,2,6,0
0,667,-25,0,2,1,6,0
0,1972,-96,0,2,2,5,0
0,623,-10,0,2,3,6,0
0,996,-124,0,8,1,2,0
0,727,-249,0,8,2,5,0
0,595,-22,1,11,1,6,0
0,573,-13,1,11,2,6,0
0,552,-8,1,11,3,6,0
-1,-803,49,-2,4,2,2,0
0,25,76,-2,4,1,2,0
0,-802,5,-2,4,2,5,0
0,748,14,0,9,1,5,0
0,768,11,0,9,2,6,0
0,784,9,0,9,3,6,0
2,982,-201,-2,4,3,3,0
-1,-465,111,-2,11,1,2,0
0,-465,-5,-1,3,4,5,0
1,-305,-115,1,3,1,2,0
2,-328,-110,1,3,1,6,0
-1,1232,-230,0,3,1,4,0
0,1238,-78,0,3,1,6,0
0,1224,-24,0,3,1,2,1
0,-565,200,0,4,1,6,0
0,-943,-36,0,4,2,3,0
-1,21,24,1,9,2,3,0
0,-10,19,1,9,1,6,0
0,14,25,1,9,2,2,0
-1,-461,32,2,7,1,2,0
0,-421,53,2,7,2,2,0
0,54,20,2,9,4,3,0
-1,-375,-176,-2,2,1,3,0
0,-368,46,-2,2,1,3,0
0,-379,-2,-2,2,3,6,0
0,-558,9,-1,4,1,6,0
0,-546,8,-1,4,2,6,0
0,-538,4,-1,4,3,5,0
0,-536,0,-1,4,4,6,0
3,964,58,2,6,1,2,0
0,996,-17,0,11,1,6,0
0,959,-3,0,11,3,5,0
-1,31,8,1,6,3,5,0
0,-9,19,1,6,1,6,0
0,10,25,1,6,2,2,0
0,62,-12,0,12,1,5,0
0,47,-5,0,12,2,5,0
0,36,-2,0,12,3,6,0
0,33,-4,0,12,4,5,0
0,-629,53,2,2,2,2,0
0,-617,8,2,2,3,5,0
-1,1244,23,-2,3,1,3,0
0,1235,24,-2,3,1,2,0
0,-887,12,-2,4,2,6,0
1,322,-394,-2,4,1,2,0
-2,224,-2,-2,7,3,3,0
-2,239,23,-2,7,4,5,0
-3,512,-64,-1,7,1,3,0
-2,560,-208,-1,7,1,5,0
-2,328,-128,-1,7,2,6,0
0,935,-142,-2,2,1,2,0
0,84,-12,-2,8,1,6,0
0,70,-6,-2,8,2,5,0
0,-807,-3,-2,3,2,2,0
1,-761,-169,-2,4,2,3,0
0,481,-40,0,7,1,6,0
0,437,-28,0,7,2,6,0
0,400,-21,0,7,3,5,0
0,383,-9,0,7,4,5,0
1,1271,107,1,8,1,2,0
1,-22,-49,1,9,1,3,0
1,-31,12,1,9,2,5,0
1,555,104,2,3,1,4,0
1,555,104,2,3,1,4,1
0,645,4,-2,2,1,5,0
-1,-777,-56,-2,8,2,3,0
0,524,-7,-1,7,3,6,0
0,516,-6,-1,7,4,6,0
1,423,-275,0,12,4,2,0
-1,-403,25,1,2,1,3,0
0,405,-18,-2,5,1,5,0
0,1389,2,0,8,4,5,0
0,-775,10,0,9,2,6,0
0,-763,3,0,9,3,6,0
1,-764,3,0,9,3,4,0
-1,284,143,-2,10,1,2,0
0,1111,68,-1,4,1,6,0
0,-965,42,-1,5,2,6,0
0,-338,-145,-2,4,1,6,0
-1,-267,-18,2,2,1,5,0
0,-266,-16,2,2,1,5,0
0,-282,-14,2,2,2,5,0
1,643,-184,2,9,1,3,0
0,330,-3,-2,3,4,5,0
0,357,-9,-1,3,1,6,0
0,346,-8,-1,3,2,6,0
-1,565,-23,1,4,1,5,0
0,569,-19,1,4,1,2,0
0,543,-9,1,4,2,5,0
0,512,-99,2,4,4,6,0
0,1233,-25,-2,5,1,3,0
0,1035,9,0,7,1,6,0
0,1053,4,0,7,3,5,0
0,-1102,3,0,8,2,6,0
0,-54,-31,1,2,1,5,0
0,-85,-18,1,2,2,5,0
0,-107,-12,1,2,3,5,0
0,-118,-5,1,2,4,6,0
0,343,-19,0,4,1,6,0
0,315,-19,0,4,2,6,0
0,293,-13,0,4,3,6,0
0,280,-9,0,4,4,6,0
-1,608,53,1,10,3,2,0
0,587,6,1,10,1,3,0
0,602,9,1,10,2,6,0
0,611,3,1,10,3,3,0
0,617,-1,1,10,4,6,0
-2,-311,-115,2,4,1,2,0
0,-241,23,1,5,1,5,0
0,-188,13,2,5,3,6,0
0,-175,11,2,5,4,6,0
0,-67,17,0,4,1,5,0
0,-42,14,0,4,2,6,0
0,-25,4,0,4,3,2,0
-2,-215,-77,-1,12,1,3,0
0,416,-170,2,8,1,6,0
3,786,-321,-2,3,1,3,0
0,-416,0,-2,5,1,3,0
0,-405,10,-2,5,2,6,0
0,-393,9,-2,5,3,6,0
0,-77,188,-2,11,1,5,0
0,-455,-27,0,10,1,6,0
0,-485,-23,0,10,2,6,0
0,-515,-16,0,10,3,5,0
0,-527,-7,0,10,4,6,0
0,-476,-19,-2,6,3,3,0
0,-481,-3,-2,6,4,6,0
0,-439,-18,-1,6,1,6,0
0,-458,-9,-1,6,2,5,0
0,371,33,0,12,1,3,0
0,388,16,0,12,2,5,0
3,12,-207,-2,1,1,6,0
0,-400,-2,1,10,2,3,0
0,-413,-3,1,10,3,5,0
-3,830,-260,-1,5,1,6,0
-2,830,-257,-1,5,1,4,0
-2,536,111,-2,9,1,2,0
0,-165,-83,2,1,1,3,0
-1,-864,21,0,1,2,5,0
0,-837,4,0,1,4,6,0
0,1256,21,0,12,1,2,0
3,-114,-230,-2,4,1,2,0
0,952,146,-2,5,1,3,0
0,-545,-15,1,11,1,5,0
3,-296,-13,2,7,1,4,0
0,-558,18,2,11,2,3,0
0,-569,-4,2,11,3,6,0
0,-575,-7,2,11,4,2,0
0,676,-46,-1,11,1,5,0
0,475,5,0,5,1,5,0
0,482,7,0,5,2,5,0
0,-140,-236,1,7,1,6,0
0,-433,-153,1,7,2,6,0
1,360,202,-2,2,1,6,0
0,1268,-4,1,7,4,3,0
0,-839,-24,1,8,2,3,0
3,-533,146,2,11,1,3,0
-2,-1429,283,-1,2,4,2,0
3,-76,-198,1,9,2,6,0
0,-211,-17,1,10,1,4,0
0,-231,-15,1,10,2,6,0
0,-255,-6,2,10,4,6,0
0,-541,-36,-1,12,1,3,0
0,-555,-9,-1,12,2,2,0
0,-574,-7,-1,12,3,5,0
0,-582,-6,-1,12,4,6,0
0,589,86,2,1,1,5,0
-2,-401,-214,1,11,3,2,0
0,-452,25,1,11,1,5,0
0,-419,21,1,11,2,6,0
0,-396,-2,1,11,3,3,0
0,-390,8,1,11,4,5,0
-1,-255,6,2,7,3,3,0
0,-246,-7,2,7,2,6,0
0,-252,-20,2,7,3,2,0
0,-529,-6,0,7,1,4,0
0,-541,-8,0,7,2,6,0
0,-549,-1,0,7,3,5,0
0,-551,-1,0,7,4,6,0
0,-549,-1,0,7,3,5,1
0,606,15,-2,3,1,5,0
0,624,1,-2,3,2,2,0
-1,1198,52,1,4,1,2,0
0,1204,28,1,4,1,3,0
0,1235,5,2,4,4,4,0
0,-926,12,2,5,2,4,0
0,981,32,-2,9,3,3,0
0,-1164,0,-2,10,4,5,0
0,-1164,0,-2,10,4,5,1
-2,971,-95,-1,9,1,3,0
-1,1005,-15,-1,9,1,6,0
0,-641,14,0,4,2,6,0
0,-624,8,0,4,3,5,0
0,-619,2,0,4,4,6,0
0,-204,-9,-2,4,2,5,0
0,-216,-5,-2,4,3,6,0
0,-221,-1,-2,4,4,6,0
0,-185,-17,-1,4,1,6,0
-1,471,99,1,9,1,6,0
-1,592,66,1,9,2,6,0
-1,650,9,1,9,3,6,0
0,652,-2,1,9,3,3,0
0,304,23,1,8,1,6,0
0,328,11,1,8,2,2,0
0,353,11,1,8,3,6,0
0,364,7,1,8,4,6,0
0,561,6,2,5,1,6,0
0,548,13,0,3,1,6,0
0,566,11,0,3,2,6,0
-2,-1561,-158,0,4,4,2,0
0,-1561,3,0,4,4,6,0
0,-746,-10,0,10,2,6,0
0,-766,-3,1,10,4,5,0
-3,1119,-171,2,10,1,5,0
-1,660,-260,0,1,1,2,0
0,661,-260,0,1,1,2,0
2,546,-246,0,1,1,3,0
2,268,-214,0,1,2,6,0
2,56,-59,0,1,3,6,0
0,609,-18,2,9,1,6,0
0,592,-13,2,9,2,6,0
0,575,-7,2,9,3,6,0
0,-271,5,-2,3,3,6,0
0,-266,2,-2,3,4,6,0
0,-306,19,-1,3,1,5,0
1,-259,-180,-1,3,1,4,0
1,839,289,-2,4,1,5,0
0,385,10,-2,11,1,6,0
2,382,-176,-2,11,1,3,0
-3,224,-101,1,3,2,4,0
-2,231,-66,1,3,2,4,0
-1,219,-88,1,3,2,5,0
0,240,-13,1,3,2,5,0
0,214,-18,1,3,3,5,0
0,142,-302,1,3,4,3,0
3,166,123,2,6,2,5,0
0,380,32,1,4,1,3,0
0,413,28,1,4,2,2,0
0,258,-156,1,4,1,4,1
-2,434,-357,2,4,4,2,0
0,449,14,2,4,3,6,0
0,463,7,2,4,4,6,0
0,-1185,-5,1,1,4,6,0
-1,977,56,1,12,3,2,0
0,1007,-18,1,12,1,5,0
0,969,-42,1,12,3,3,0
2,84,-188,2,4,2,6,0
0,-888,-18,1,3,2,5,0
0,-914,-1,1,3,4,5,0
2,323,-241,0,12,1,3,0
3,342,-68,0,12,1,2,0
0,-191,-14,1,6,1,5,0
0,-208,-9,1,6,2,5,0
0,537,23,1,12,1,5,0
0,557,12,1,12,2,6,0
0,568,-19,1,12,3,2,0
0,-1563,5,2,1,4,6,0
0,-222,-1,2,6,4,6,0
0,483,-34,2,11,1,3,0
2,1263,-131,-2,8,1,2,0
0,185,-34,-2,11,2,6,0
0,136,-25,-2,11,3,6,0
0,119,12,-2,11,4,2,0
-1,287,-405,2,5,1,3,0
0,454,37,2,5,1,5,0
0,472,8,2,5,2,6,0
0,477,5,2,5,3,6,0
0,1251,-357,-2,6,1,3,0
-1,-775,18,-2,7,2,3,0
0,-772,-7,-2,7,2,2,0
-3,1138,69,1,1,1,4,0
0,1198,116,1,1,1,3,0
-1,-967,17,1,2,2,3,0
0,-940,-11,1,2,4,2,0
-2,-179,288,1,5,3,2,0
0,-244,5,1,5,1,3,0
0,-231,3,1,5,2,2,0
0,-211,4,1,5,4,6,0
-1,1235,-14,2,10,1,4,0
0,1235,-14,2,10,1,4,0
0,-920,-9,2,11,2,6,0
0,405,17,0,12,1,5,0
0,455,5,1,12,4,6,0
0,1517,-3,0,7,4,6,0
0,-591,-30,0,8,1,2,0
0,-609,-10,0,8,2,6,0
0,-620,-9,0,8,3,5,0
2,-617,232,0,8,3,3,0
0,36,48,1,1,1,3,0
0,48,8,1,1,2,6,0
0,60,4,1,1,3,6,0
0,66,6,1,1,4,6,0
0,-174,-7,-2,10,2,6,0
0,-185,-5,-2,10,3,5,0
0,-191,-2,-2,10,4,6,0
0,-158,-18,-1,10,1,6,0
0,505,361,-1,11,2,2,0
0,881,19,0,1,1,2,0
0,902,4,1,1,3,5,0
0,-1241,2,1,2,4,6,0
-1,-3,1,2,7,2,2,0
0,11,-15,2,7,1,6,0
0,-8,1,2,7,2,3,0
2,620,-181,-2,3,1,2,0
0,697,-14,1,9,1,6,0
0,685,-6,1,9,2,6,0
-1,2,-129,0,10,3,3,0
0,-27,30,0,10,1,3,0
0,-9,13,0,10,2,6,0
0,4,8,0,10,3,6,0
0,247,-25,0,2,1,6,0
0,-64,-201,0,2,2,5,0
0,717,12,2,8,1,5,0
0,736,9,2,8,2,6,0
0,748,11,2,8,3,2,0
0,126,11,-2,2,1,2,0
0,732,13,-2,2,2,2,0
0,743,4,-2,2,3,5,0
0,413,28,-2,2,1,3,1
1,744,-6,-2,2,3,4,0
0,-1399,-3,-2,3,4,6,0
-1,530,-244,-1,2,1,2,0
0,716,15,-1,2,1,5,0
-1,165,134,1,8,2,3,0
0,188,-21,1,8,1,6,0
0,169,-21,1,8,2,2,0
0,153,-11,1,8,3,5,0
0,146,-1,1,8,4,6,0
0,-328,-23,-2,8,1,6,0
0,-385,14,0,2,1,6,0
0,-364,14,0,2,2,6,0
0,-350,18,0,2,3,2,0
0,-341,17,0,2,4,3,0
-2,-216,205,1,3,1,3,0
-2,264,-213,2,4,1,5,0
-2,94,-37,2,4,2,2,0
0,725,-11,2,10,1,2,0
1,724,-17,2,10,1,4,0
2,-771,-57,1,1,3,6,0
2,-777,109,1,1,4,5,0
0,-482,14,2,9,2,6,0
0,-468,7,2,9,3,6,0
-1,-42,291,-2,7,2,2,0
0,-943,-11,1,1,2,5,0
0,1214,-47,1,12,1,3,0
0,-955,4,2,1,4,6,0
0,-50,9,0,9,1,6,0
0,-32,9,0,9,2,6,0
0,-19,3,0,9,3,3,0
0,-15,2,0,9,4,6,0
0,1389,-3,1,4,4,6,0
0,-738,-8,1,5,2,4,0
0,-750,-5,1,5,3,5,0
0,1078,124,-2,12,1,6,0
0,1383,1,-1,6,4,5,0
0,-741,-11,-1,7,2,3,0
0,-757,-6,-1,7,3,5,0
-1,802,29,-2,6,1,2,0
0,814,28,-2,6,1,3,0
0,831,26,-2,6,2,2,0
0,298,-11,2,1,1,3,0
0,283,-12,2,1,2,5,0
0,266,-7,2,1,3,3,0
0,-628,27,1,5,3,3,0
-1,1161,-93,2,6,1,2,0
0,1160,6,2,6,1,5,0
1,631,108,2,8,1,4,0
2,633,104,2,8,1,5,0
-1,-557,-9,1,1,3,3,0
0,-503,-27,1,1,1,6,0
0,-532,-17,1,1,2,5,0
0,-552,-10,1,1,3,2,0
0,-563,-2,1,1,4,6,0
0,302,7,-2,1,1,6,0
0,219,-27,-2,6,1,2,0
-3,811,100,-1,6,1,3,0
0,1282,18,1,1,1,2,0
0,-847,2,2,2,4,6,0
0,-877,-288,2,2,4,2,1
3,1103,-99,0,2,1,5,0
0,-488,14,1,6,1,5,0
0,-469,15,1,6,2,5,0
0,-457,8,1,6,3,6,0
0,428,-18,1,11,1,5,0
0,410,-13,1,11,2,5,0
0,392,-8,1,11,3,6,0
0,-984,-1,-2,3,4,5,0
-1,1371,-42,-2,8,4,2,0
0,-770,-4,-2,9,3,6,0
0,1135,13,-1,2,1,6,0
0,-998,7,-1,3,2,6,0
0,-757,-9,-1,9,2,2,0
-2,163,-133,2,11,1,5,0
0,178,-30,-1,4,1,5,0
0,146,-18,-1,4,2,5,0
0,125,-7,-1,4,3,6,0
0,118,-14,-1,4,4,2,0
0,178,-30,-1,4,1,5,1
1,147,-18,-1,4,2,4,0
0,-282,19,-1,11,1,6,0
0,-264,13,-1,11,2,6,0
0,-250,6,-1,11,3,5,0
-2,526,-117,1,4,1,3,0
3,-1270,5,-1,1,4,6,0
0,-339,20,0,5,1,6,0
0,-313,17,0,5,2,6,0
0,-293,11,0,5,3,6,0
-2,1053,293,0,12,1,3,0
3,1111,-138,0,12,1,2,0
0,968,-17,0,6,1,6,0
0,938,12,0,6,3,2,0
0,-148,-22,-2,5,1,6,0
0,-171,-7,-2,5,2,6,0
-1,-33,-133,2,6,1,6,0
0,157,-17,0,5,1,6,0
0,139,-12,0,5,2,6,0
0,125,-7,0,5,3,5,0
0,121,-4,0,5,4,6,0
0,806,-21,2,2,1,3,0
0,1012,12,2,10,1,6,0
0,-1111,12,2,11,2,5,0
-2,1052,-235,2,2,1,2,0
0,1061,-16,2,2,1,6,0
0,-1098,-16,2,3,2,2,0
-1,409,-274,-2,2,3,2,0
0,413,-7,-2,2,4,5,0
0,466,-23,-1,2,1,5,0
3,730,-195,2,5,4,2,0
-2,337,-121,2,10,1,2,0
-1,436,-54,-1,9,4,3,0
0,403,14,-1,9,2,6,0
0,423,12,-1,9,3,4,0
0,434,-2,-1,9,4,2,0
0,-867,19,-2,5,2,6,0
1,-865,22,-2,5,2,4,0
3,-885,-134,-1,2,4,2,0
0,-146,17,0,4,1,6,0
1,824,235,1,3,1,2,0
0,1144,-16,2,9,1,6,0
0,-1014,-11,2,10,2,6,0
-1,110,-278,-2,9,1,3,0
0,735,-18,0,11,1,5,0
0,711,-12,0,11,2,6,0
0,691,-7,0,11,3,5,0
-1,-1465,-7,0,12,4,5,0
-2,-527,-38,1,6,3,3,0
0,-545,17,1,6,2,5,0
0,-519,7,1,6,4,6,0
0,-1353,-3,-1,4,4,5,0
0,827,-13,0,3,1,5,0
0,-441,12,0,10,1,6,0
0,-422,3,0,10,2,5,0
0,-413,8,0,10,3,5,0
0,-409,0,0,10,4,2,0
0,382,14,0,3,1,5,0
0,400,8,0,3,2,6,0
0,413,7,0,3,3,6,0
0,418,0,0,3,4,6,0
0,-399,-23,2,9,1,6,0
0,-419,-14,2,9,2,6,0
3,179,-151,-2,2,1,2,0
0,143,9,0,2,1,6,0
0,-984,39,0,2,2,6,0
0,171,5,0,2,3,6,0
0,175,2,0,2,4,6,0
0,233,-12,0,9,1,6,0
0,212,-12,0,9,2,5,0
0,201,-8,0,9,3,5,0
0,491,-9,2,1,1,2,0
0,-130,-21,0,6,1,6,0
0,-166,-5,1,6,3,3,0
1,-495,377,1,9,1,6,0
1,-84,165,1,9,2,5,0
0,716,-16,-2,11,3,6,0
0,-1446,-7,-2,12,4,6,0
0,791,-37,-1,11,1,5,0
0,747,-29,-1,11,2,6,0
-1,-186,94,2,10,1,5,0
0,85,16,-2,11,1,3,0
0,100,14,-2,11,2,5,0
-1,1081,-331,-2,7,1,6,0
1,259,306,-2,6,1,2,0
0,1091,248,-2,9,1,3,0
0,-101,-31,2,3,1,5,0
0,-135,-21,2,3,2,5,0
0,-156,-6,2,3,3,2,0
0,269,11,2,9,1,5,0
0,286,9,2,9,2,6,0
0,1,-154,2,9,1,3,1
0,-102,13,-1,6,1,3,0
0,-138,-5,-1,6,3,5,0
0,-141,-2,-1,6,4,6,0
1,-126,-45,-1,6,2,5,0
0,-826,0,1,1,2,2,0
-2,-693,-136,1,6,2,2,0
0,-809,3,2,1,3,4,0
0,-805,8,2,1,4,5,0
0,638,25,-2,4,1,2,0
0,670,18,-2,4,2,6,0
0,-337,-21,2,10,1,6,0
0,-355,-7,2,10,2,2,0
0,-342,-4,-2,4,3,5,0
0,-347,-3,-2,4,4,6,0
0,-306,-16,-1,4,1,6,0
0,-323,-11,-1,4,2,2,0
-1,689,10,-1,9,2,5,0
0,672,15,-1,9,1,6,0
1,670,-187,-1,9,2,2,0
-3,-736,144,0,4,4,3,0
0,722,133,2,12,1,3,0
1,666,71,2,12,1,2,0
0,-155,12,2,10,1,6,0
0,239,18,0,4,1,6,0
0,262,15,0,4,2,6,0
0,280,12,0,4,3,5,0
0,290,-1,0,4,4,5,0
-1,1167,-16,1,10,1,4,0
0,1170,-14,1,10,1,4,0
0,-987,-8,1,11,2,6,0
0,1137,-13,2,10,4,2,0
1,1138,-4,2,10,4,4,0
1,472,-33,1,6,1,3,0
-1,669,46,2,11,1,2,0
0,646,-10,2,11,2,6,0
0,-4,-7,0,1,1,5,0
0,-13,-6,0,1,2,5,0
0,-19,-2,0,1,3,6,0
0,-24,-2,0,1,4,6,0
0,-177,0,-2,6,4,5,0
0,-131,-35,-1,6,1,2,0
0,-156,-9,-1,6,2,6,0
0,-142,-8,-1,6,3,3,0
3,-51,161,-1,6,4,3,0
-1,258,15,1,12,2,5,0
-1,273,18,1,12,4,2,0
0,237,18,1,12,1,6,0
0,260,12,1,12,2,4,0
0,271,8,1,12,3,6,0
0,1405,3,-1,5,4,3,0
0,-761,15,-1,6,2,6,0
0,-748,10,-1,6,3,6,0
1,813,220,2,12,1,3,0
-1,-172,-4,0,1,1,2,0
0,-174,-25,0,1,1,4,0
0,-201,-12,0,1,2,5,0
0,-219,-7,0,1,3,6,0
0,-228,3,0,1,4,2,0
1,-840,234,2,2,2,2,0
0,538,12,1,2,2,5,0
0,552,4,1,2,3,6,0
0,-1582,5,1,3,4,4,0
0,-761,-17,0,10,2,6,0
0,-782,-6,0,10,3,2,0
0,-795,-1,0,10,4,5,0
-2,145,183,1,4,2,3,0
0,131,13,1,4,1,4,0
0,149,8,1,4,2,3,0
0,159,7,1,4,3,6,0
1,175,-47,1,4,2,3,0
0,165,6,2,4,4,3,0
0,-439,-9,-2,3,4,5,0
-1,-409,0,-1,3,2,2,0
0,-390,-21,-1,3,1,6,0
-1,-350,-3,2,3,1,5,0
0,-350,-8,2,3,1,3,0
-1,126,-15,0,4,2,3,0
0,104,16,0,4,1,6,0
0,122,11,0,4,2,2,0
0,138,3,0,4,3,5,0
0,143,3,0,4,4,6,0
1,142,-22,0,4,4,4,0
-1,616,321,-2,12,1,2,0
-1,-474,-19,0,3,4,3,0
0,-415,-29,0,3,1,5,0
0,-442,-17,0,3,2,6,0
0,-473,-7,0,3,4,5,0
-2,-540,-11,-2,8,4,2,0
0,-556,9,-2,8,2,5,0
0,-545,11,-2,8,3,5,0
-2,134,322,-2,9,1,5,0
-1,-573,20,-1,8,1,2,0
0,-573,11,-1,8,1,4,0
0,312,-7,-2,3,3,5,0
0,304,-6,-2,3,4,5,0
0,351,-20,-1,3,1,6,0
0,331,-15,-1,3,2,5,0
0,884,8,0,9,1,6,0
0,907,3,0,9,3,6,0
0,-1232,3,0,10,4,6,0
0,938,10,-2,4,1,6,0
0,-778,-9,-2,11,2,5,0
1,-272,-304,0,1,1,2,0
1,-634,-60,0,1,2,6,0
-1,-569,-213,-2,1,1,2,0
-2,1109,-403,-2,12,1,3,0
0,757,57,-1,6,1,4,0
1,758,60,-1,6,1,4,0
0,-225,-18,1,6,1,6,0
0,-246,-10,1,6,2,6,0
0,-262,-8,2,6,3,6,0
0,-268,-4,2,6,4,6,0
0,-642,29,1,3,2,3,0
-1,-626,-25,2,3,4,2,0
0,-628,6,2,3,3,6,0
-2,-281,16,-1,9,3,4,0
-1,-284,-16,-1,9,3,3,0
0,-303,40,-1,9,1,5,0
0,-290,14,-1,9,2,5,0
0,-276,9,-1,9,3,2,0
0,-266,8,-1,9,4,5,0
0,1253,-18,0,2,1,4,0
-2,-907,-15,0,3,2,2,0
0,-851,211,0,3,2,2,0
0,-934,-7,0,3,4,6,0
0,754,-10,-2,3,3,6,0
1,1022,-259,-2,6,1,6,0
-2,1120,-11,1,3,1,2,0
-1,998,-34,1,3,1,6,0
-1,-806,148,1,4,2,5,0
-3,-505,-201,1,5,1,2,0
-3,-795,-145,1,5,2,2,0
0,423,-26,1,9,1,2,0
-1,388,56,2,9,4,3,0
0,391,-4,2,9,3,6,0
0,388,4,2,9,4,2,0
-3,14,-346,-1,1,2,5,0
2,498,17,2,12,1,3,0
0,942,-13,2,5,1,2,0
0,1080,-6,-2,10,3,2,0
0,1087,5,-2,10,4,6,0
0,1038,22,-1,10,1,6,0
0,-1083,18,-1,11,2,6,0
0,1002,-21,1,4,1,6,0
-2,8,217,2,3,1,5,0
-1,966,58,2,4,3,2,0
0,966,-16,2,4,3,3,0
0,333,-21,-2,3,1,5,0
-1,-223,-142,-2,7,1,6,0
0,897,17,1,9,1,6,0
0,940,7,1,9,3,4,0
0,-1198,4,1,10,4,5,0
0,-144,-17,0,9,1,6,0
0,-160,-9,0,9,2,5,0
0,-173,-10,0,9,3,6,0
2,-444,4,-2,5,1,6,0
0,430,-15,0,1,1,5,0
0,410,-16,0,1,2,5,0
0,396,-8,0,1,3,6,0
0,4,14,1,7,1,5,0
0,26,14,1,7,2,6,0
0,43,9,1,7,3,6,0
1,4,11,1,7,1,4,0
0,52,5,2,7,4,6,0
-2,723,-225,2,11,1,5,0
-1,928,107,2,6,1,2,0
0,-403,-19,-1,9,1,5,0
0,-427,-13,-1,9,2,6,0
0,-444,-11,-1,9,3,6,0
0,-451,-4,-1,9,4,6,0
-2,-234,159,2,3,2,3,0
0,-258,16,2,3,1,6,0
1,617,321,-2,10,1,2,0
-1,-250,-191,0,6,1,6,0
-1,-490,-121,0,6,2,6,0
-1,-539,68,0,6,3,2,0
-2,-494,10,1,1,4,3,0
0,-401,-28,1,1,1,2,0
0,-459,-26,1,1,2,6,0
0,-484,-3,1,1,3,5,0
0,-492,-17,1,1,4,2,0
-1,956,-223,-2,4,1,3,0
0,-133,-18,0,12,1,6,0
0,-157,-12,0,12,2,5,0
0,-180,-3,0,12,3,3,0
-1,-453,-22,1,11,4,2,0
0,-490,18,1,11,1,5,0
0,-472,7,1,11,2,2,0
0,-457,8,1,11,3,6,0
0,-264,13,-2,4,1,6,0
0,-247,31,-2,4,2,2,0
-1,-121,427,2,5,1,3,0
0,-120,399,2,5,1,3,0
0,1108,-28,1,10,1,5,0
0,1054,-7,1,10,3,5,0
0,1046,-9,1,10,4,6,0
1,1109,-31,1,10,1,4,0
0,-1064,-18,1,11,2,6,0
0,-49,7,2,10,1,6,0
0,-38,5,2,10,2,2,0
0,-848,106,-1,10,2,3,0
0,-860,7,-1,10,4,5,0
0,978,-21,1,3,1,6,0
0,946,-5,2,3,3,6,0
0,-1206,-3,2,4,4,6,0
0,419,9,-2,8,1,5,0
0,868,-21,1,9,1,6,0
0,832,-14,1,9,3,5,0
3,-444,-48,-2,3,1,2,0
0,93,-11,-2,10,3,3,0
0,95,0,-2,10,4,6,0
0,61,16,-1,10,1,4,0
0,78,11,-1,10,2,5,0
0,78,11,-1,10,2,5,1
0,745,17,0,4,1,6,0
0,767,9,0,4,2,5,0
0,781,7,0,4,3,6,0
0,784,-2,0,4,4,5,0
0,204,-17,0,10,1,6,0
0,167,-6,1,10,4,6,0
0,1153,-322,2,5,1,3,0
0,1099,-33,1,9,1,2,0
0,1028,-18,2,9,3,5,0
0,-1087,-23,2,10,2,6,0
0,-1133,-12,2,10,4,2,0
-1,-521,-13,-1,9,1,3,0
0,508,-11,-2,11,1,6,0
0,479,-100,-2,11,2,6,0
0,495,-9,-2,11,2,3,1
-1,406,215,-2,2,1,3,0
2,398,3,-2,2,1,5,0
0,1335,-12,-2,10,4,3,0
0,-796,-4,-2,11,3,6,0
0,175,17,-1,5,1,6,0
0,199,17,-1,5,2,6,0
0,214,9,-1,5,3,6,0
0,222,8,-1,5,4,6,0
0,-787,-8,-1,11,2,5,0
1,411,194,2,4,1,3,0
1,579,90,2,4,2,6,0
0,-562,-8,1,10,1,2,0
0,-589,-13,1,10,2,5,0
0,-604,-3,1,10,3,2,0
0,-606,-3,2,10,4,6,0
0,-1228,5,-2,10,4,5,0
0,-400,-23,-1,3,1,5,0
0,-421,-14,-1,3,2,5,0
0,-436,-6,-1,3,3,6,0
0,-443,-2,-1,3,4,5,0
0,881,11,-1,9,1,5,0
0,908,-9,-1,9,3,2,0
-1,-16,183,2,1,1,5,0
0,-70,88,2,6,1,2,0
-1,533,237,2,12,1,2,0
-1,533,237,2,12,1,2,1
-2,923,39,1,11,1,3,0
3,-260,171,-1,2,1,4,0
-1,0,90,-2,1,1,4,0
0,-184,0,-2,4,4,6,0
1,1048,23,-2,10,1,3,0
0,-135,-6,-1,4,1,6,0
0,-160,-12,-1,4,2,5,0
0,-142,-8,-1,4,1,3,1
3,-885,32,2,7,2,2,0
0,575,-13,-2,4,1,6,0
0,562,-6,-2,4,2,6,0
0,-693,8,-2,12,2,2,0
-3,-432,-211,-1,8,2,3,0
-3,-120,15,0,12,3,2,0
-2,-131,-33,0,12,3,5,0
0,-76,-22,0,12,1,4,0
0,-103,-16,0,12,2,6,0
0,-135,-9,0,12,4,3,0
0,695,13,0,1,1,6,0
0,708,8,0,1,2,5,0
0,-361,-33,0,3,1,3,0
0,-351,245,0,3,2,2,0
0,-393,-5,0,3,3,6,0
0,-399,-5,0,3,4,6,0
0,-521,8,1,9,3,6,0
0,-514,13,1,9,4,2,0
1,-706,127,-2,1,2,5,0
1,1161,298,-2,12,1,4,0
0,-231,450,2,1,1,4,0
1,-361,444,2,1,1,2,0
-2,-393,-235,2,2,1,2,0
0,698,-3,-2,4,4,5,0
-2,703,216,-1,4,3,2,0
0,732,-12,-1,4,1,6,0
0,716,-10,-1,4,2,6,0
0,697,-70,-1,4,3,6,0
-3,1085,-6,-1,10,1,3,0
0,1174,-42,-1,10,1,2,0
0,1109,16,-1,10,3,2,0
0,1118,7,-1,10,4,6,0
0,1076,20,-1,10,1,2,1
0,-1047,15,-1,11,2,5,0
0,769,-169,0,2,1,5,0
0,-1488,-111,0,2,2,6,0
0,473,-33,0,2,3,2,0
0,459,42,0,2,4,6,0
0,-63,28,0,6,1,6,0
0,-32,18,0,6,2,4,0
0,-10,13,0,6,3,6,0
0,2,11,0,6,4,6,0
-1,964,-10,1,12,1,6,0
0,968,-17,1,12,1,2,0
2,627,-274,-1,3,1,6,0
3,569,-272,-1,3,1,3,0
0,1654,-5,1,4,4,2,0
-1,-479,25,1,5,4,4,0
0,-450,-16,1,5,1,5,0
0,-468,-8,1,5,2,5,0
0,-483,-3,1,5,3,5,0
1,-479,40,1,5,4,4,0
0,1229,20,1,10,1,6,0
0,1277,3,1,10,4,6,0
-1,-889,22,1,11,2,4,0
0,-889,22,1,11,2,4,0
3,696,-61,2,11,1,2,0
0,-77,24,-1,6,1,6,0
0,-46,6,-1,6,2,3,0
0,-32,9,-1,6,3,6,0
0,-22,3,-1,6,4,6,0
1,235,256,2,5,1,3,0
-1,-60,339,2,12,1,4,0
0,22,336,2,12,1,3,0
0,-714,11,-2,4,2,5,0
2,626,-207,-2,5,2,3,0
3,662,-200,-2,5,2,5,0
-2,-393,-215,0,1,4,3,0
0,498,139,0,5,1,2,0
0,494,15,0,5,2,5,0
0,509,16,0,5,3,2,0
0,518,6,0,5,4,4,0
0,494,15,0,5,2,5,1
0,317,-13,2,9,1,5,0
-2,1175,238,-2,6,1,2,0
-1,-719,131,-2,7,2,5,0
0,270,-7,-1,6,4,2,0
2,1067,251,-1,6,1,2,0
1,-66,-140,0,5,1,5,0
0,318,-22,0,6,1,6,0
0,294,-10,0,6,2,2,0
2,375,-175,2,8,1,2,0
-3,817,296,0,11,3,3,0
-2,842,96,0,11,3,2,0
0,886,-17,0,11,1,5,0
0,842,13,0,11,3,5,0
0,-1313,30,0,12,4,4,0
1,-1313,41,0,12,4,4,0
0,-2,-51,-2,7,1,6,0
0,-59,-30,-2,7,2,5,0
-3,-475,-163,1,12,1,3,0
3,570,-16,2,10,3,6,0
-3,529,237,0,5,2,2,0
0,498,25,0,5,1,6,0
0,499,-62,0,5,2,2,0
0,553,15,0,5,3,6,0
0,566,9,0,5,4,5,0
2,-536,-12,2,9,1,2,0
2,-436,233,2,9,1,2,1
-2,-578,235,1,3,2,5,0
0,588,6,1,6,2,3,0
0,602,9,1,6,3,5,0
0,613,8,1,6,4,6,0
1,600,18,1,6,3,4,0
0,315,-91,2,1,1,3,0
0,-706,-12,2,1,2,6,0
-1,302,-144,2,10,2,6,0
0,867,-4,0,7,1,2,0
1,336,68,1,1,1,5,0
-1,305,116,2,2,3,3,0
0,319,-13,2,2,2,6,0
0,306,-3,2,2,3,5,0
0,301,15,2,2,4,2,0
-1,955,35,-2,3,3,3,0
0,-1183,5,-2,4,4,6,0
0,-353,-10,-2,9,2,5,0
0,-368,-9,-2,9,3,6,0
0,-375,-8,-2,9,4,5,0
2,-321,170,-2,9,3,2,0
0,931,11,-1,3,1,6,0
0,-335,-19,-1,9,1,6,0
2,103,-38,2,6,1,2,0
-3,274,-42,2,7,1,6,0
2,-3,18,-1,9,1,6,0
0,-451,16,2,3,1,6,0
0,-434,8,2,3,2,6,0
0,114,-14,0,11,1,6,0
0,96,-12,0,11,2,3,0
0,80,-10,1,11,4,3,0
0,-550,19,-2,8,1,5,0
0,-525,16,-2,8,2,6,0
0,851,-13,1,12,1,6,0
0,-1333,-8,2,1,4,6,0
-2,824,142,2,12,3,2,0
0,840,-1,2,12,2,2,0
0,822,2,2,12,3,3,0
-2,-335,376,2,3,1,5,0
-1,-244,369,2,3,1,3,0
0,-526,-13,2,7,1,2,0
-1,285,15,-2,11,4,4,0
0,273,18,-2,11,2,3,0
0,282,6,-2,11,3,6,0
0,285,3,-2,11,4,4,0
-1,249,16,-1,11,1,4,0
0,247,17,-1,11,1,4,0
0,-342,-7,1,4,2,5,0
0,-362,-6,1,4,3,4,0
0,-370,-3,1,4,4,6,0
0,-1230,-3,0,1,4,6,0
-2,947,236,0,12,3,2,0
0,953,-20,0,12,1,6,0
0,923,-11,0,12,3,2,0
0,-665,8,1,7,2,5,0
-1,-496,-92,1,11,1,2,0
0,1502,9,2,6,4,6,0
0,-651,6,2,7,3,6,0
0,1246,-20,-2,5,1,6,0
0,631,12,-2,12,2,5,0
0,642,7,-2,12,3,6,0
-2,1,211,2,12,1,6,0
0,1141,-343,-2,7,1,2,0
0,-732,-9,-2,8,2,4,0
0,-742,-11,-2,8,3,2,0
0,1179,-301,2,7,1,3,0
-1,353,259,0,6,1,2,0
-1,699,119,0,6,2,6,0
0,699,114,0,6,2,4,0
-2,-687,190,2,1,3,2,0
0,-712,8,2,1,2,6,0
0,-701,4,2,1,3,5,0
0,-698,9,2,1,4,2,0
0,151,-241,1,5,1,6,0
0,-129,-142,1,5,2,5,0
0,1132,2,1,11,1,5,0
2,-171,48,2,8,1,3,0
0,-992,11,2,12,2,5,0
0,-982,19,2,12,4,3,0
2,61,142,2,3,1,6,0
-1,-402,103,-2,7,2,2,0
0,-73,156,2,2,1,6,0
-1,-490,62,-1,6,1,3,0
0,354,17,2,8,1,5,0
0,-28,12,-2,4,2,5,0
0,-12,7,-2,4,3,6,0
0,-51,33,-1,4,1,2,0
0,-507,-20,1,9,1,6,0
0,-530,-14,1,9,2,5,0
0,-544,-5,1,9,3,6,0
1,323,-387,2,8,1,4,0
2,322,-389,2,8,1,4,0
-1,-84,267,-2,3,1,5,0
-3,1170,-431,-2,10,1,2,0
0,484,13,1,7,1,6,0
0,499,17,1,7,2,2,0
0,514,3,2,7,3,6,0
0,518,0,2,7,4,5,0
0,458,10,2,8,1,5,0
0,992,-14,2,8,1,5,0
0,-446,-23,-2,6,1,3,0
0,-456,-7,-2,6,2,6,0
0,-464,6,-2,6,3,2,0
-1,553,27,1,12,1,4,0
0,555,21,1,12,1,4,0
-2,-1550,115,2,1,4,3,0
-1,530,-331,2,12,3,2,0
0,581,32,2,12,2,3,0
0,592,5,2,12,3,6,0
0,806,209,-1,6,1,6,0
-2,431,-27,0,5,2,2,0
0,401,2,0,5,1,2,0
0,455,14,0,5,3,6,0
0,464,6,0,5,4,6,0
0,-185,19,-2,2,1,6,0
0,-165,13,-2,2,2,5,0
0,821,-21,1,7,1,5,0
0,786,-8,1,7,3,5,0
0,780,2,2,7,4,6,0
1,-292,89,-2,1,1,3,0
0,879,-13,1,1,1,5,0
0,852,-5,1,1,3,5,0
0,-1299,-7,1,2,4,4,0
0,188,12,2,7,1,6,0
0,199,2,2,7,2,2,0
3,233,274,-2,4,1,2,0
-1,327,15,-1,5,2,4,0
0,298,21,-1,5,1,6,0
0,324,18,-1,5,2,4,0
0,342,10,-1,5,3,5,0
0,352,8,-1,5,4,3,0
1,350,36,-1,5,4,2,0
1,-460,84,2,6,1,3,0
0,-233,25,-1,4,1,6,0
0,-208,15,-1,4,2,5,0
0,-192,7,-1,4,3,5,0
0,-190,1,-1,4,4,6,0
0,710,16,-2,7,1,5,0
0,729,13,-2,7,2,6,0
0,742,9,-2,7,3,6,0
2,406,63,0,5,2,6,0
-3,-451,326,1,5,1,6,0
-3,-101,145,1,5,2,5,0
0,-186,-28,0,7,1,6,0
0,-216,-17,0,7,2,6,0
0,-240,-14,0,7,3,5,0
0,-252,-6,0,7,4,6,0
3,-72,343,1,7,1,6,0
3,280,143,1,7,2,2,0
0,212,-18,2,10,1,6,0
0,194,-13,2,10,2,5,0
0,180,-5,2,10,3,6,0
1,-478,-294,0,6,1,2,0
0,640,-28,1,8,1,2,0
-2,611,-50,2,8,3,2,0
-1,615,-205,2,8,2,3,0
0,621,-7,2,8,2,6,0
0,598,-7,2,8,4,6,0
0,-1031,-6,-2,1,2,5,0
0,1106,8,-2,12,1,5,0
-1,-442,-314,-2,7,2,3,0
0,-358,25,-2,7,1,5,0
0,-327,15,-2,7,2,3,0
0,-310,10,-2,7,3,5,0
0,-300,12,-2,5,4,3,0
2,-153,20,-2,12,3,3,0
0,-259,-17,-1,5,1,6,0
0,-277,-9,-1,5,2,6,0
0,-291,-7,-1,5,3,5,0
1,-255,-15,-1,5,1,4,0
0,11,-1,-1,11,2,2,0
0,34,4,-1,11,4,5,0
1,248,-276,-1,12,1,3,0
2,311,-283,-1,12,1,6,0
2,-4,-148,-1,12,2,6,0
2,676,-163,1,6,4,3,0
3,-47,376,0,8,1,2,0
0,181,-235,-2,7,1,5,0
0,-212,-20,0,3,1,5,0
0,-227,-15,0,3,2,4,0
0,1198,29,0,9,1,2,0
-1,-901,6,0,10,4,4,0
0,-922,12,0,10,2,6,0
0,-660,-10,-2,4,2,5,0
0,-677,-8,-2,4,3,6,0
-2,424,-276,-1,12,3,3,0
0,-392,20,0,10,1,5,0
0,-367,14,0,10,2,6,0
0,-353,10,0,10,3,6,0
0,-346,6,0,10,4,6,0
-2,561,175,0,12,2,2,0
-1,253,290,0,12,1,3,0
3,-119,216,2,3,2,2,0
0,-290,11,-2,6,1,3,0
0,-276,12,-2,6,2,6,0
0,373,-17,0,11,1,6,0
0,353,-12,0,11,2,6,0
0,335,-6,0,11,3,6,0
0,328,0,0,11,4,6,0
1,790,-343,2,8,1,2,0
0,368,-8,2,7,1,6,0
-1,526,180,2,12,1,2,0
0,1289,-109,-2,8,1,2,0
0,44,9,-1,1,2,6,0
0,56,4,-1,1,3,6,0
0,59,4,-1,1,4,6,0
0,202,233,-1,4,1,6,0
0,429,76,-1,4,2,2,0
0,124,-10,-1,8,3,6,0
0,115,-9,-1,8,4,6,0
0,175,-21,0,8,1,2,0
0,680,19,-2,12,1,6,0
0,684,19,-2,12,1,3,1
0,265,-19,2,3,1,5,0
0,-625,-25,-2,7,2,3,0
0,-644,-9,-2,7,3,6,0
1,-619,-1,-2,7,2,2,0
0,-591,-30,-1,7,1,2,0
-1,-236,109,2,5,1,2,0
0,-443,30,2,11,2,2,0
1,-433,63,2,11,2,5,0
2,-434,55,2,11,2,4,0
0,1119,-4,-1,8,4,5,0
0,1172,-135,0,8,1,6,0
0,1187,-19,0,8,1,3,1
0,-983,-23,0,9,2,6,0
-2,813,-153,2,7,3,3,0
-1,811,0,2,7,3,4,0
0,798,5,2,7,2,2,0
0,809,9,2,7,3,4,0
0,812,3,2,7,4,2,0
0,-79,-16,-2,6,1,5,0
0,-98,-10,-2,6,2,5,0
0,147,-172,-1,1,1,2,0
1,-238,-368,1,8,2,3,0
0,1019,16,1,7,1,5,0
0,1056,14,2,7,3,5,0
0,1060,3,2,7,4,6,0
-2,-1108,-199,2,8,2,2,0
0,-1100,11,2,8,2,6,0
-1,1247,23,2,12,1,2,0
0,1243,-1,2,12,1,3,0
0,1224,25,1,1,1,2,0
0,1029,-21,1,7,1,6,0
0,982,-12,1,7,3,6,0
0,971,-8,1,7,4,6,0
0,-902,9,2,2,2,6,0
0,-891,2,2,2,4,6,0
-1,173,349,-2,9,1,3,0
0,1231,-15,-2,11,1,6,0
0,-931,-7,-2,12,2,5,0
0,606,15,0,7,1,6,0
0,649,6,1,7,4,6,0
-3,946,203,-2,6,1,2,0
3,823,-253,0,5,1,6,0
0,120,8,1,10,1,5,0
0,134,7,1,10,2,5,0
0,141,6,1,10,3,5,0
0,-181,-15,2,4,1,5,0
0,262,-18,0,10,1,6,0
0,1002,15,1,4,1,6,0
0,1036,6,1,4,3,6,0
-2,-1110,-84,1,5,2,2,0
0,223,-27,1,10,3,3,0
0,219,-4,1,10,4,4,0
-1,-271,163,0,9,1,2,0
0,-265,20,0,9,1,6,0
0,-311,-16,0,9,2,5,0
0,-330,-10,0,9,3,6,0
0,-337,-4,0,9,4,5,0
-1,-362,2,-2,9,1,6,0
1,161,134,1,2,2,2,0
-2,622,-25,2,11,2,3,0
0,1144,11,-2,2,1,6,0
0,-179,-21,0,8,1,6,0
0,-200,-13,0,8,2,5,0
0,-212,-8,0,8,3,5,0
0,-217,-1,0,8,4,6,0
1,-175,-25,0,8,1,4,0
-1,592,200,1,12,1,6,0
2,-709,-117,-2,9,2,5,0
0,165,32,-2,3,1,3,0
0,180,10,-2,3,2,6,0
0,193,5,-2,3,3,5,0
0,894,-15,0,9,1,6,0
0,870,-4,0,9,3,2,0
-1,-1278,-2,0,10,4,4,0
0,-1279,-2,0,10,4,4,0
1,-1318,-173,0,10,4,3,0
1,-1277,3,0,10,4,4,1
1,-415,176,2,2,1,5,0
3,265,270,-2,8,2,2,0
0,-161,19,0,5,1,5,0
0,-139,13,0,5,2,4,0
0,1099,14,-2,10,1,5,0
-2,787,147,-1,2,1,3,0
-1,750,165,-1,2,1,5,0
1,1076,28,2,11,1,6,0
0,758,-10,-2,4,2,5,0
0,746,-6,-2,4,3,5,0
0,782,-18,-1,4,1,2,0
0,143,-17,-2,1,1,3,0
0,133,-16,-2,1,2,2,0
0,122,-7,-2,1,3,5,0
0,168,5,-2,7,1,3,0
0,180,10,-2,7,2,6,0
1,975,124,-2,7,1,2,0
2,974,124,-2,7,1,2,0
0,-387,23,0,4,1,2,0
0,-347,21,0,4,2,6,0
0,-318,17,0,4,3,5,0
0,1488,2,-1,5,4,4,0
0,-682,13,0,6,2,5,0
0,825,-4,2,11,3,6,0
3,439,116,2,11,1,5,0
0,485,10,-2,11,3,6,0
0,493,6,-2,11,4,6,0
-3,463,-22,-1,11,2,4,0
0,433,25,-1,11,1,3,0
0,450,23,-1,11,2,3,0
-1,773,-17,-2,11,1,2,0
0,329,-27,0,8,1,6,0
0,300,-20,0,8,2,6,0
0,287,6,1,1,3,6,0
0,290,2,1,1,4,6,0
0,1271,20,-2,3,1,2,0
0,-852,55,-2,4,2,2,0
0,-836,1,-2,4,3,2,0
3,693,-287,1,11,1,3,0
-3,124,268,2,4,1,6,0
0,405,23,0,9,1,6,0
0,432,-2,0,9,2,2,0
0,461,10,0,9,3,4,0
0,472,2,0,9,4,6,0
-3,256,-64,2,5,1,6,0
0,494,-6,2,1,1,6,0
0,489,-3,2,1,2,6,0
3,-776,123,2,1,2,3,0
3,-429,183,-2,6,1,6,0
3,-239,88,-2,6,2,6,0
3,-192,232,-1,1,1,6,0
0,-325,15,-2,2,4,3,0
0,-366,14,-1,2,1,6,0
0,-347,12,-1,2,2,6,0
0,-331,7,-1,2,3,6,0
-1,894,-334,2,1,1,3,0
1,279,95,-2,4,1,2,0
2,280,94,-2,4,1,2,0
0,1251,-52,-2,7,1,2,0
1,1250,-52,-2,7,1,2,0
0,-258,-19,0,6,1,6,0
0,-283,-19,0,6,2,5,0
0,-303,-9,0,6,3,6,0
0,-311,-5,0,6,4,6,0
3,708,-353,-2,2,2,2,0
-2,1093,129,0,2,1,2,0
-1,1092,129,0,2,1,2,0
0,1085,-6,0,2,1,3,0
0,1058,-8,0,2,3,6,0
0,-1076,-19,0,3,2,3,0
0,-1091,-1,0,3,4,6,0
1,-1071,-20,0,3,2,2,0
2,625,269,0,3,1,5,0
0,-501,11,0,9,1,6,0
0,-466,7,1,9,3,3,0
0,-459,6,1,9,4,6,0
0,-1547,323,2,1,4,2,0
-1,-409,-27,2,12,2,2,0
0,-420,9,2,12,1,6,0
0,-247,8,1,11,1,6,0
0,-231,12,1,11,2,5,0
0,-224,5,1,11,3,6,0
3,109,188,2,1,1,2,0
-2,-503,159,2,5,1,6,0
0,-291,-226,-2,1,1,6,0
0,543,-17,-2,10,1,6,0
0,524,-13,-2,10,2,3,0
-1,621,16,-1,6,3,5,0
0,601,12,-1,6,1,6,0
0,615,11,-1,6,2,6,0
0,-4,9,-2,8,1,6,0
0,7,8,-2,8,2,6,0
-2,51,-32,-1,2,2,3,0
0,51,-32,-1,2,2,5,0
0,40,-7,-1,2,3,5,0
0,30,-5,-1,2,4,5,0
0,644,-1,-2,7,4,5,0
0,691,-25,-1,7,1,5,0
0,668,-31,-1,7,2,2,0
-1,901,195,0,6,1,4,0
0,902,197,0,6,1,5,0
0,-959,146,0,7,2,3,0
0,-766,125,0,7,3,5,0
0,321,-14,-2,9,1,5,0
-1,723,14,-1,5,2,3,0
0,734,-7,-1,5,1,6,0
0,717,-2,-1,5,3,6,0
0,712,-2,-1,5,4,6,0
-3,-814,-25,0,2,2,5,0
0,-797,4,0,2,3,6,0
0,-794,1,0,2,4,5,0
2,-297,303,1,2,3,3,0
0,452,-82,-2,7,1,2,0
0,476,-33,-1,5,4,2,0
1,478,20,-1,5,4,3,0
0,427,26,0,5,1,5,0
0,1053,18,0,10,1,5,0
0,1086,-6,0,10,3,2,0
0,1092,4,0,10,4,6,0
0,-1068,18,0,11,2,6,0
3,75,-163,2,8,1,2,0
0,750,-17,0,4,1,6,0
0,730,-12,0,4,2,2,0
0,715,-8,0,4,3,5,0
0,710,-1,0,4,4,6,0
0,715,-8,0,4,3,5,1
1,476,95,0,7,1,2,0
1,-325,67,0,7,4,2,0
-3,333,357,1,2,2,3,0
0,316,101,1,2,2,6,0
0,421,29,1,2,3,6,0
0,433,-13,1,2,4,6,0
1,216,-151,-1,10,1,6,0
0,-99,-16,0,6,1,6,0
0,-119,-11,0,6,2,6,0
0,-136,-6,0,6,3,5,0
0,-146,-4,0,6,4,6,0
0,-94,38,1,12,1,2,0
0,-62,8,2,12,2,3,0
0,-51,7,2,12,3,6,0
0,-48,1,2,12,4,6,0
-1,1104,-28,-2,10,1,6,0
0,-181,6,2,9,1,6,0
0,-172,5,2,9,2,4,0
-3,-86,63,-2,8,1,2,0
-1,-116,23,-2,8,2,4,0
0,-116,20,-2,8,2,4,0
0,-98,11,-2,8,3,6,0
0,-89,12,-2,8,4,2,0
-1,-675,-93,2,3,3,2,0
0,-647,-15,2,3,2,5,0
0,-664,4,2,3,3,3,0
0,-647,-15,2,3,2,5,1
0,650,-162,2,9,1,6,0
-2,684,39,-2,3,1,6,0
0,954,10,-2,4,1,6,0
-1,539,134,-2,10,1,2,0
0,148,34,1,1,2,2,0
0,195,20,1,1,3,6,0
0,213,15,1,1,4,5,0
-1,354,-353,1,3,1,5,0
3,1235,-102,2,6,1,3,0
-3,-44,6,-1,6,3,3,0
0,-35,5,-1,6,4,6,0
0,-96,23,0,6,1,5,0
2,623,-77,2,4,1,2,0
-2,-234,4,2,8,1,2,0
0,-710,10,2,1,2,2,0
0,407,-6,-2,2,1,6,0
0,281,-18,0,12,1,6,0
0,260,-12,0,12,2,5,0
0,245,-7,0,12,3,6,0
0,242,2,0,12,4,6,0
0,591,6,-1,2,3,6,0
0,567,9,0,2,1,2,0
0,760,-22,0,8,1,6,0
0,736,-13,0,8,2,5,0
0,-396,82,2,9,1,5,0
-1,-1092,8,-2,10,4,3,0
0,-1093,8,-2,10,4,2,0
-1,1014,139,-1,9,1,2,0
0,1017,2,-1,9,1,3,0
0,-1112,10,-1,10,2,4,0
0,1114,-18,1,3,1,6,0
0,-1051,-11,1,4,2,6,0
0,-1068,-1,2,4,4,6,0
1,-1103,-85,2,4,4,3,0
-3,827,235,-2,10,1,3,0
-2,762,249,-2,10,1,6,0
0,-256,9,-1,4,3,6,0
0,-251,6,-1,4,4,6,0
-1,-556,-113,-1,10,4,5,0
0,-543,-86,-1,10,4,3,0
0,-192,16,0,4,1,5,0
0,-174,11,0,4,2,6,0
0,-159,9,0,4,3,6,0
0,-153,6,0,4,4,6,0
0,-489,-17,0,10,1,6,0
0,-510,-15,0,10,2,6,0
1,53,-130,2,8,1,6,0
0,-189,10,2,1,1,6,0
0,1412,-3,2,6,4,6,0
0,-728,-5,2,7,3,6,0
2,1032,0,2,11,1,3,0
3,1048,-27,2,11,1,2,0
0,-831,-3,-2,12,2,5,0
0,624,26,-2,1,1,3,0
0,635,0,-2,1,2,2,0
0,646,-1,-2,1,3,2,0
1,639,25,-2,1,2,3,0
0,-63,-18,-2,7,1,6,0
0,-78,-4,-2,7,2,6,0
-3,451,-394,2,9,1,3,0
3,737,-315,0,6,4,3,0
0,1319,1,0,8,4,6,0
0,-811,-8,0,9,2,6,0
0,-821,-7,0,9,3,4,0
-2,40,12,2,3,2,5,0
0,34,-4,2,3,1,3,0
0,-20,-151,2,3,2,3,0
0,49,2,2,3,3,5,0
0,-89,-8,-2,8,3,6,0
0,-95,-5,-2,8,4,6,0
0,-54,-22,-1,8,1,5,0
0,-73,-16,-1,8,2,2,0
-1,-156,-15,0,6,2,4,0
0,-137,-17,0,6,1,5,0
0,-156,-15,0,6,2,4,0
0,-169,-4,0,6,3,6,0
0,-669,0,-2,4,4,6,0
-1,699,-390,-2,9,3,2,0
0,742,-13,-2,9,2,3,0
0,728,-10,-2,9,3,6,0
0,-676,12,-1,4,2,6,0
0,762,-19,-1,9,1,6,0
2,1114,-498,2,7,1,5,0
-1,1178,-43,-1,4,1,3,0
-2,-426,208,-1,5,2,2,0
0,566,-12,2,2,1,6,0
-3,-279,300,-2,3,4,3,0
0,-978,13,-1,1,2,6,0
0,1143,20,-1,12,1,6,0
1,405,-24,1,6,1,6,0
-2,-261,80,2,1,1,6,0
0,-399,-2,2,8,1,2,0
2,1105,-292,-2,11,1,2,0
0,1218,2,-2,7,4,6,0
0,1182,18,-1,7,1,5,0
2,-193,51,2,3,1,2,0
-3,-132,-35,2,6,4,2,0
0,-647,-3,-2,10,4,5,0
0,-617,-15,-1,10,2,4,0
0,-638,-13,-1,10,3,6,0
0,-766,12,2,5,2,6,0
0,-275,15,-2,9,1,6,0
-3,-25,83,-2,11,1,5,0
1,299,-166,2,10,1,2,0
0,140,112,-2,2,2,3,0
0,-44,-5,-2,1,4,6,0
0,-9,-15,-1,1,1,5,0
0,-25,-10,-1,1,2,6,0
0,948,11,0,8,1,6,0
0,982,5,0,8,3,6,0
0,989,6,0,8,4,6,0
2,-3,-153,2,11,1,3,0
0,472,20,2,8,1,3,0
2,-588,-39,2,8,2,6,0
-1,-290,-117,1,11,3,2,0
0,-331,22,1,11,1,6,0
0,-305,19,1,11,2,5,0
0,-290,11,1,11,3,3,0
0,1056,-3,2,5,1,2,0
0,1028,-4,2,5,3,6,0
0,-1104,-8,2,6,2,5,0
-3,1201,-124,1,5,1,2,0
0,1064,-4,1,8,1,3,0
0,1079,-5,1,8,3,2,0
0,-1070,-20,1,9,2,3,0
-2,588,-338,1,7,1,2,0
0,884,-9,1,11,1,6,0
2,-14,-278,2,9,1,6,0
-3,-133,-87,2,10,1,2,0
-2,-189,-154,2,10,1,3,0
0,874,-2,2,11,3,5,0
0,-1272,0,2,12,4,6,0
-2,-349,-310,-2,10,1,3,0
0,-386,-1,2,6,1,5,0
0,-1491,-14,-1,1,4,2,0
0,682,-9,-1,12,1,6,0
0,669,-10,-1,12,2,5,0
0,659,-3,-1,12,3,6,0
2,1219,-256,2,11,1,3,0
-1,-739,-36,0,4,2,3,0
-1,-761,-20,0,4,3,5,0
0,-728,-13,0,4,2,2,0
0,84,-15,-2,7,1,6,0
-3,346,222,-1,4,3,3,0
0,294,25,-1,4,1,6,0
0,326,18,-1,4,2,6,0
0,362,112,-1,4,3,6,0
0,349,1,-1,4,4,5,0
-3,110,232,-2,7,1,3,0
-3,567,335,-1,3,1,4,0
0,-107,-9,2,1,1,5,0
0,-114,-2,2,1,2,5,0
0,1212,94,-2,9,1,2,0
0,596,13,1,1,1,6,0
0,615,20,1,1,2,5,0
0,625,1,1,1,3,2,0
-2,-1511,-165,1,2,4,3,0
0,-1512,3,1,2,4,5,0
0,419,-26,1,7,1,3,0
2,590,0,2,2,1,5,0
0,400,-24,2,7,2,3,0
0,387,-7,2,7,3,6,0
0,379,-6,2,7,4,6,0
0,652,-8,-2,5,1,6,0
3,569,-220,-1,5,1,5,0
3,337,-121,-1,5,2,5,0
3,224,-2,-1,5,3,2,0
0,962,34,1,12,1,2,0
0,-1103,9,2,1,4,2,0
-1,224,310,2,2,1,2,0
0,1033,11,2,12,3,6,0
0,658,22,1,3,1,6,0
0,684,16,1,3,2,6,0
0,704,11,1,3,3,4,0
0,-1429,6,1,4,4,6,0
0,555,-37,0,3,1,6,0
0,513,-32,0,3,2,6,0
0,477,-18,0,3,3,6,0
3,-302,219,1,5,2,5,0
-3,-93,-92,2,7,4,3,0
-1,-20,82,-1,12,1,2,0
0,28,17,-1,12,1,5,0
0,50,14,-1,12,2,5,0
0,68,9,-1,12,3,5,0
0,77,8,-1,12,4,5,0
0,-24,-76,-1,12,1,2,1
-1,1214,-280,1,9,1,3,0
-1,528,-14,-2,3,2,3,0
0,539,12,-2,3,3,3,0
0,542,0,-2,3,4,6,0
0,-1600,2,-2,4,4,6,0
0,501,17,-1,3,1,6,0
0,659,14,1,7,1,6,0
0,657,-15,2,1,2,6,0
0,643,-4,2,1,3,6,0
0,679,20,2,7,2,3,0
0,692,7,2,7,3,6,0
0,699,0,2,7,4,6,0
0,152,-17,-1,10,1,5,0
0,130,10,-1,10,2,3,0
0,118,-6,-1,10,3,6,0
0,112,-12,-1,10,4,5,0
0,-593,8,0,3,2,6,0
-1,353,-289,2,5,1,2,0
-2,26,-82,2,6,1,3,0
-2,527,113,2,9,2,2,0
0,510,13,2,9,1,6,0
0,531,13,2,9,2,3,0
0,538,12,2,9,3,2,0
0,750,-23,1,11,1,6,0
0,629,1,2,6,1,2,0
-3,705,157,2,11,3,3,0
-2,706,157,2,11,3,3,0
0,724,-11,2,11,2,3,0
0,706,-36,2,11,3,2,0
0,-1450,-6,2,12,4,6,0
-1,1094,-15,-2,4,1,4,0
0,1097,-16,-2,4,1,4,0
0,-152,-28,0,8,1,5,0
0,-179,-18,0,8,2,6,0
2,-272,138,1,3,4,2,0
-1,-521,215,1,9,1,5,0
-1,-251,111,2,9,2,3,0
-1,-159,31,2,9,3,6,0
2,235,-29,-2,7,1,2,0
-3,400,2,0,4,4,3,0
1,-41,160,2,1,1,3,0
2,-128,239,2,1,1,2,0
0,-132,-15,0,10,1,6,0
0,-143,-8,0,10,2,6,0
0,-156,-6,0,10,3,6,0
0,-162,-2,0,10,4,6,0
0,-512,-334,1,2,1,2,0
0,86,16,2,1,1,6,0
0,-606,9,-1,12,4,5,0
-3,-363,72,2,9,1,5,0
0,-558,0,-2,10,4,6,0
1,322,39,-2,11,2,3,0
0,-581,18,-1,10,2,5,0
0,-96,333,-1,11,1,2,0
1,75,312,-1,11,1,3,0
3,-563,-33,-2,12,1,2,0
0,-271,-167,1,12,1,3,0
2,-189,-177,1,12,1,2,0
2,-433,-115,1,12,2,6,0
-3,-567,-396,2,12,4,2,0
2,-567,19,2,12,4,2,0
2,324,-241,1,2,1,3,0
-3,745,-316,1,4,1,3,0
-2,744,-316,1,4,1,3,0
0,662,183,1,4,1,2,0
0,-281,-11,2,2,1,6,0
0,-291,-7,2,2,2,5,0
-1,671,-386,2,4,4,2,0
0,902,-104,2,4,3,6,0
0,617,-380,2,4,4,6,0
0,9,16,-1,9,1,6,0
0,28,8,-1,9,2,5,0
0,41,6,-1,9,3,6,0
0,48,-6,-1,9,4,2,0
0,-51,-171,-1,9,1,2,1
0,730,52,0,3,1,5,0
-1,428,2,0,7,3,4,0
0,389,16,0,7,1,5,0
0,411,13,0,7,2,6,0
0,426,5,0,7,3,4,0
0,437,7,0,7,4,6,0
0,-577,-11,1,1,2,6,0
0,-591,-5,1,1,3,5,0
1,-760,43,2,12,2,3,0
0,-362,-18,1,8,1,6,0
0,-382,-13,1,8,2,6,0
0,-397,-2,1,8,3,3,0
0,455,14,-2,4,1,6,0
0,322,-8,-1,8,3,5,0
0,317,-1,-1,8,4,6,0
0,357,-18,0,8,1,6,0
0,-740,3,1,9,2,6,0
0,1061,-25,2,4,1,6,0
0,-1111,-15,2,5,2,2,0
0,1410,2,2,8,4,6,0
0,-737,3,2,9,3,6,0
0,-372,-5,-1,2,2,3,0
0,-381,-7,-1,2,3,6,0
0,-386,-3,-1,2,4,6,0
0,-329,19,0,9,1,5,0
0,-306,16,0,9,2,6,0
0,-287,10,0,9,3,6,0
0,-276,9,0,9,4,5,0
1,411,-286,2,4,1,6,0
0,458,-5,-2,4,3,2,0
0,449,-4,-2,4,4,6,0
-3,470,-303,-1,4,2,3,0
0,500,-18,-1,4,1,5,0
0,431,26,1,9,1,3,0
0,446,9,1,9,2,4,0
0,456,7,1,9,3,5,0
0,461,-5,1,9,4,2,0
-2,1088,234,0,10,1,3,0
0,1082,30,0,10,1,6,0
0,-1031,25,0,11,2,2,0
0,713,-10,-2,5,2,5,0
0,702,-8,-2,5,3,3,0
0,696,-3,-2,5,4,6,0
0,737,-13,-1,5,1,2,0
0,1318,3,1,10,4,6,0
0,-834,1,1,11,3,2,0
1,847,-328,-2,10,1,3,0
-1,-252,-271,-2,6,2,2,0
0,1191,-44,-2,6,1,2,0
2,-361,-308,-2,6,2,3,0
0,-125,16,-2,7,1,3,0
0,-999,-24,-2,7,2,6,0
0,-97,11,-2,7,3,6,0
0,-110,12,-2,7,2,5,1
-3,434,-232,-1,10,1,3,0
0,234,194,-2,10,1,2,0
0,365,2,-1,3,3,5,0
0,373,6,-1,3,4,3,0
0,303,-20,0,9,1,6,0
0,282,-12,0,9,2,6,0
0,266,-7,0,9,3,6,0
0,257,-6,0,9,4,3,0
0,-189,7,0,3,1,6,0
0,-175,5,0,3,2,6,0
0,-163,7,0,3,3,5,0
0,-159,0,0,3,4,5,0
0,25,-268,-2,6,4,2,0
0,120,-15,-1,6,1,2,0
0,94,-11,-1,6,2,6,0
0,663,22,-2,10,1,3,0
0,687,19,-2,10,2,3,0
0,702,9,-2,10,3,6,0
0,253,-14,2,4,2,6,0
0,238,-6,2,4,3,6,0
0,716,-13,-2,8,1,6,0
1,787,240,2,1,1,2,0
0,538,14,-2,12,1,6,0
0,1114,182,-1,11,1,2,0
0,-247,-19,0,6,1,6,0
0,-272,-16,0,6,2,6,0
0,-290,-7,0,6,3,6,0
0,-299,-6,0,6,4,5,0
0,-30,269,2,6,1,2,0
-3,770,-466,-2,7,1,2,0
0,-105,-15,2,3,1,5,0
0,1640,-2,1,4,4,5,0
0,-499,-4,1,5,3,5,0
0,-504,2,1,5,4,5,0
-1,383,337,-2,5,1,2,0
-1,716,-34,-2,5,2,6,0
0,153,1,-2,6,4,5,0
0,-248,-7,-2,12,2,5,0
0,-259,-5,-2,12,3,6,0
0,-265,-1,-2,12,4,6,0
0,118,15,-1,6,1,6,0
0,137,12,-1,6,2,5,0
0,146,8,-1,6,3,4,0
0,-232,-23,-1,12,1,2,0
0,1239,-14,2,5,1,6,0
3,-273,134,-2,3,1,6,0
0,-505,26,0,1,1,6,0
0,-474,19,0,1,2,6,0
0,-446,6,0,1,4,6,0
0,1192,-20,-2,5,1,3,0
-2,-962,-17,-2,6,2,4,1
0,-963,-11,-2,6,2,5,0
2,-398,-128,-2,10,1,6,0
3,-303,-265,-2,2,1,3,0
0,1513,12,-2,4,4,3,0
0,-655,18,-1,5,2,5,0
0,582,15,-1,2,1,6,0
0,601,12,-1,2,2,6,0
0,615,8,-1,2,3,6,0
0,-1523,13,-1,3,4,2,0
2,-526,-112,1,3,2,3,0
0,927,-16,-1,3,1,6,0
0,900,-8,-1,3,3,2,0
0,-388,17,-1,9,1,6,0
0,-367,11,-1,9,2,5,0
0,-354,7,-1,9,3,6,0
0,-345,6,-1,9,4,4,0
2,-374,73,-2,6,1,2,0
0,1108,21,1,3,1,6,0
0,-1012,17,1,4,2,6,0
0,-990,3,2,4,4,6,0
-2,1258,-3,-2,8,1,2,0
-3,-397,228,-1,5,2,3,0
-2,-398,228,-1,5,2,3,0
0,-855,-9,1,4,2,6,0
-1,-848,210,2,4,4,2,0
0,-869,-4,2,4,4,5,0
-1,442,107,-2,10,1,6,0
0,588,11,-1,10,1,4,0
0,599,10,-1,10,2,5,0
0,607,4,-1,10,3,6,0
0,315,-13,0,1,1,3,0
0,301,-11,0,1,2,6,0
0,286,-9,0,1,3,6,0
0,278,-2,0,1,4,6,0
2,264,351,2,2,1,2,0
0,444,-102,-2,10,1,5,0
-3,210,363,-1,2,1,6,0
-1,-888,43,0,2,2,5,0
0,188,-6,0,2,1,6,0
0,1592,-219,0,2,2,5,0
0,176,-5,0,2,3,6,0
0,172,-4,0,2,4,6,0
0,562,3,-2,7,3,6,0
0,564,3,-2,7,4,5,0
-1,558,35,-1,7,2,2,0
0,554,4,-1,7,1,6,0
0,559,-17,-1,7,2,3,0
-1,482,-258,-1,10,1,6,0
-1,175,-170,-1,10,2,5,0
-1,24,-17,-1,10,3,6,0
-1,87,69,-1,10,4,2,0
0,845,8,-2,3,1,6,0
-2,1100,-50,-1,6,1,6,0
0,1076,-192,-1,6,1,4,0
0,833,-121,-1,9,1,6,0
0,889,-10,-1,9,3,6,0
0,926,-22,-1,9,1,6,1
0,-1259,4,-1,10,4,2,0
-1,405,29,1,3,1,3,0
-1,387,4,1,3,2,3,0
0,410,-19,1,3,1,5,0
0,392,3,1,3,2,2,0
0,719,12,1,9,1,6,0
0,738,9,1,9,2,6,0
0,750,6,1,9,3,6,0
-3,-207,-26,2,3,1,2,0
0,377,-6,2,3,3,6,0
0,371,1,2,3,4,6,0
-3,661,-102,2,7,1,6,0
-1,74,-113,2,7,1,3,0
0,-1527,8,-1,1,4,6,0
-2,591,-99,-1,12,3,2,0
-1,465,143,-1,12,1,2,0
0,493,43,-1,12,1,3,0
0,549,45,-1,12,2,5,0
0,602,29,-1,12,3,3,0
-2,334,38,0,11,1,3,0
2,-540,-217,-2,8,1,2,0
0,886,17,2,6,1,5,0
0,611,-26,-1,9,1,6,0
0,581,-20,-1,9,2,5,0
0,558,-17,-1,9,3,2,0
0,543,-15,-1,9,4,3,0
-1,2,104,2,5,1,2,0
3,312,65,2,10,1,3,0
0,292,14,-2,5,2,6,0
0,308,9,-2,5,3,6,0
0,315,-13,-2,5,4,2,0
0,276,18,-1,5,1,2,0
-1,-680,85,1,12,2,3,0
1,-756,199,1,12,2,2,0
0,644,24,-2,10,1,3,0
3,-658,237,0,4,4,3,0
-2,261,-370,-2,2,2,3,0
-1,379,-73,-2,2,1,3,0
-1,335,38,-2,2,2,4,0
0,394,-49,-2,2,1,2,0
0,333,38,-2,2,2,5,0
1,381,82,-2,2,1,3,0
0,881,17,2,5,1,6,0
-2,1116,-139,-2,4,1,3,0
-3,667,-36,-2,11,3,5,0
0,645,27,-2,11,2,6,0
-2,1211,134,2,2,1,2,0
0,-238,137,-2,8,1,5,0
0,584,8,1,2,1,6,0
0,599,7,1,2,2,6,0
0,606,29,1,2,3,2,0
-2,-1535,-162,2,3,4,2,0
0,-1536,1,2,3,4,6,0
0,907,16,-2,7,1,2,0
-1,-321,-63,-1,12,4,2,0
0,-310,-11,-1,12,3,6,0
0,434,10,1,11,3,6,0
0,439,7,1,11,4,6,0
0,992,-17,2,5,1,5,0
0,123,-26,2,7,2,5,0
-2,-648,119,-2,4,2,6,0
1,318,224,1,10,1,5,0
2,356,57,2,2,1,6,0
-1,1043,24,-1,3,1,3,0
-1,-460,58,1,12,2,2,0
0,-450,-13,1,12,1,5,0
0,-464,6,1,12,2,3,0
0,-476,-4,1,12,3,6,0
0,-481,3,1,12,4,6,0
0,-167,13,2,7,1,6,0
0,-154,6,2,7,2,5,0
0,427,17,-2,11,1,4,0
0,441,9,-2,11,2,6,0
1,-500,-115,-2,12,1,3,0
0,-732,-21,0,4,2,5,0
0,-753,-6,0,4,3,5,0
0,-763,-3,0,4,4,6,0
3,-80,62,2,12,1,2,0
-1,633,25,-1,6,4,3,0
0,675,-17,-1,6,1,6,0
0,654,-11,-1,6,2,6,0
-3,946,60,1,3,1,3,0
-1,-373,47,1,12,3,2,0
0,-402,16,1,12,1,6,0
0,-380,10,1,12,2,6,0
0,-366,2,2,12,4,6,0
0,-389,-6,-1,2,4,6,0
0,-336,-22,0,2,1,6,0
0,-355,-7,0,2,2,2,0
-1,458,72,1,2,2,3,0
0,374,64,1,2,1,5,0
0,451,43,1,2,2,5,0
0,506,4,2,2,4,5,0
0,300,-175,2,7,1,4,0
3,-51,-144,2,11,1,6,0
0,128,-68,-2,2,1,2,0
-1,390,-10,-2,8,2,4,0
0,390,-7,-2,8,2,4,0
0,384,-4,-2,8,3,5,0
0,-417,-268,-2,6,1,2,0
-3,46,-5,0,11,2,2,0
0,62,-15,0,11,1,6,0
0,39,-4,0,11,2,3,0
0,24,-3,0,11,3,2,0
0,16,-2,0,11,4,6,0
0,-598,20,-2,2,2,5,0
0,-573,14,-2,2,3,6,0
0,172,23,-2,5,1,6,0
0,199,11,-2,5,2,6,0
0,215,0,-2,5,3,2,0
0,-630,-17,0,11,2,6,0
0,-659,-10,0,11,3,5,0
-1,-171,-243,-1,11,1,2,0
-1,-171,-243,-1,11,1,2,1
0,-1173,4,0,1,4,5,0
-1,908,16,0,12,1,2,0
0,962,9,0,12,3,2,0
0,-78,89,2,11,1,6,0
0,157,246,-1,6,1,2,0
0,517,-12,1,12,1,2,0
-3,-348,-221,2,7,1,3,0
-2,-347,-221,2,7,1,3,0
0,-355,19,2,7,1,3,0
0,-333,16,2,7,2,6,0
0,-313,8,2,7,3,6,0
-1,469,-379,2,12,3,2,0
0,495,-14,2,12,2,6,0
0,478,-7,2,12,3,3,0
0,472,-7,2,12,4,3,0
0,1129,-1,-2,11,1,5,0
0,536,17,-2,8,1,6,0
0,-751,-10,-1,2,2,6,0
0,-764,-5,-1,2,3,4,0
0,-770,-2,-1,2,4,6,0
0,194,28,1,7,1,2,0
-2,-365,269,1,11,1,2,0
-2,3,157,1,11,2,6,0
-2,127,2,1,11,3,6,0
-1,693,-7,-1,1,2,2,0
0,675,15,-1,1,1,5,0
0,698,17,-1,1,2,3,0
0,712,7,-1,1,3,6,0
0,-1425,4,-1,2,4,4,0
-3,6,26,-1,7,1,3,0
-3,9,-53,-1,7,2,2,0
-1,-19,3,-1,7,4,3,0
0,23,-16,-1,7,1,6,0
0,0,0,-1,7,2,3,0
0,-12,-6,-1,7,3,5,0
0,-17,3,-1,7,4,2,0
1,22,-449,-1,7,2,2,0
1,-316,29,1,4,2,6,0
2,-591,-191,1,6,1,2,0
1,1047,254,1,3,1,3,0
2,977,259,1,3,1,5,0
0,-576,20,1,4,2,3,0
0,-565,7,1,4,3,6,0
0,-561,7,1,4,4,6,0
1,-771,-24,1,4,3,5,0
-2,-788,-124,1,10,4,2,0
0,-771,-7,1,10,2,6,0
0,-784,-6,1,10,3,5,0
0,-787,-5,1,10,4,3,0
-1,1208,72,-2,11,1,3,0
0,935,-6,-2,2,3,6,0
0,-1219,2,-2,3,4,5,0
0,972,-20,-1,2,1,5,0
-1,-385,230,2,3,1,5,0
-1,-307,1,-2,8,4,5,0
0,-298,-14,-2,8,2,3,0
0,-306,-5,-2,8,3,6,0
0,-307,-2,-2,8,4,4,0
-2,-276,-94,-1,8,1,2,0
0,-266,11,2,7,1,4,0
1,575,-272,-1,4,4,3,0
-1,131,19,0,3,1,4,0
0,165,32,1,3,3,3,0
1,169,31,1,3,4,2,0
0,-749,-7,2,9,2,5,0
0,-762,-5,2,9,3,6,0
0,1106,183,2,10,1,2,0
0,886,17,1,10,1,5,0
1,887,14,1,10,1,4,0
-1,944,83,2,4,1,2,0
0,940,-13,2,4,1,3,0
0,920,6,2,10,3,5,0
0,927,6,2,10,4,6,0
-1,-936,-148,-2,8,2,3,0
0,95,15,1,5,1,6,0
0,116,12,1,5,2,6,0
-2,124,-1,2,5,3,4,0
0,120,43,2,5,3,4,0
0,131,1,2,5,4,6,0
0,167,-6,2,11,2,6,0
0,159,-2,2,11,3,6,0
0,109,4,-2,2,1,6,0
0,114,12,-2,2,2,2,0
0,982,-32,0,8,1,6,0
0,920,-16,0,8,3,6,0
0,905,-9,0,8,4,6,0
0,404,-12,-2,5,2,5,0
0,389,-22,-2,5,3,3,0
0,384,-7,-2,5,4,6,0
-1,981,-93,-2,6,1,5,0
0,431,-27,-1,5,1,2,0
-1,-148,148,1,9,1,2,0
-1,1468,0,-2,8,4,5,0
0,-678,6,-2,9,3,3,0
0,86,311,-1,2,1,3,0
0,-689,8,-1,9,2,2,0
2,34,-56,-2,1,1,6,0
0,-364,5,-2,3,1,5,0
0,-352,3,-2,3,2,6,0
-1,835,119,-2,2,1,3,0
-3,-563,225,-1,12,4,2,0
-1,-573,61,-1,12,4,5,0
0,-557,-9,-1,12,3,6,0
0,-514,-16,0,12,1,6,0
-2,834,25,-1,6,1,2,0
0,820,-102,-1,6,2,2,0
0,866,8,-1,6,3,6,0
0,876,1,-1,6,4,6,0
0,-774,-7,-1,10,2,6,0
0,-784,-3,-1,10,3,6,0
0,-788,0,-1,10,4,6,0
0,-754,199,-1,10,3,2,1
0,1187,-148,2,11,1,2,0
-2,587,143,-2,6,1,5,0
-3,-302,-316,-1,7,2,2,0
-2,-361,-83,-1,7,2,3,0
-1,-13,-267,-1,7,1,6,0
-1,-302,-163,-1,7,2,2,0
-1,-404,83,-1,7,3,4,0
0,-404,83,-1,7,3,4,0
-2,358,201,0,3,1,2,0
0,359,8,0,3,1,3,0
0,378,8,0,3,2,6,0
0,392,3,0,3,3,2,0
-2,503,203,-2,1,1,2,0
0,925,-11,-2,9,3,3,0
0,-1221,-1,-2,10,4,5,0
0,948,-17,-1,9,1,6,0
0,1030,21,2,2,1,6,0
-3,460,121,0,4,1,3,0
0,-328,18,0,12,1,5,0
0,-304,12,0,12,2,3,0
0,-292,11,0,12,3,6,0
0,-284,7,0,12,4,6,0
0,175,-21,1,5,2,3,0
0,165,-3,1,5,3,6,0
0,161,0,1,5,4,5,0
3,31,5,-2,3,1,6,0
3,-356,-34,-2,10,1,3,0
0,300,13,-2,12,2,6,0
0,314,11,-2,12,3,6,0
0,320,12,-2,12,4,3,0
0,270,19,-1,12,1,2,0
-3,1200,204,2,4,1,2,0
0,1435,2,2,5,4,6,0
0,-702,9,2,6,2,3,0
0,-710,-1,2,6,3,5,0
0,-578,21,1,1,1,2,0
0,-553,12,2,1,2,5,0
0,-534,3,2,1,4,5,0
0,740,-315,-2,10,1,2,0
3,1483,-339,0,8,4,3,0
-1,-589,74,0,9,3,3,0
0,-603,-3,0,9,2,3,0
0,-592,-5,0,9,3,2,0
0,1056,-22,1,2,1,6,0
0,1019,-9,1,2,3,6,0
0,-1110,-15,1,3,2,5,0
0,-1136,-7,1,3,4,6,0
0,-340,147,2,4,1,2,0
0,-840,-2,-1,4,4,6,0
0,-809,-16,0,4,2,6,0
-1,-599,-79,2,11,1,2,0
-1,-824,-26,-2,10,2,3,0
-1,-813,50,-2,10,3,3,0
0,-813,23,-2,10,3,2,0
0,-809,23,-2,10,4,2,0
-1,-79,89,2,11,1,2,0
0,1271,-29,-2,5,1,2,0
2,-873,-228,-2,9,2,2,0
0,41,15,-1,1,1,5,0
0,66,15,-1,1,2,6,0
0,82,16,-1,1,3,2,0
0,87,4,-1,1,4,5,0
0,-264,-190,1,12,1,3,0
-2,-609,7,-2,7,2,4,0
0,-502,-13,-2,7,1,5,0
0,-687,-199,-2,7,2,3,0
0,-523,-4,-2,7,3,6,0
2,1027,100,-2,7,1,5,0
3,1027,102,-2,7,1,6,0
3,-1005,74,-2,8,2,2,0
0,-42,8,-2,10,2,5,0
0,-32,6,-2,10,3,6,0
0,-61,8,-1,10,1,2,0
-1,655,-304,2,4,1,4,0
2,994,-409,2,4,1,2,0
0,1282,18,-2,1,1,2,0
0,-847,7,-2,2,2,6,0
0,445,-29,-1,7,2,3,0
0,432,-7,-1,7,3,6,0
0,426,-6,-1,7,4,6,0
1,450,-30,-1,7,2,2,0
-1,100,72,-1,5,1,6,0
0,-55,-19,0,9,1,2,0
0,809,12,1,3,1,6,0
0,-99,-10,1,9,3,6,0
0,-105,-6,1,9,4,5,0
0,838,3,2,3,3,6,0
0,-1304,1,2,4,4,6,0
0,-329,7,-2,10,4,6,0
0,-388,23,-1,10,1,5,0
0,-362,17,-1,10,2,5,0
1,-362,11,-1,10,2,4,0
-2,143,62,2,1,1,3,0
0,102,-17,2,4,1,6,0
0,767,9,-2,1,2,3,0
0,778,4,-2,1,3,6,0
-1,-1360,3,-2,2,4,4,0
0,-1360,5,-2,2,4,4,0
0,741,18,-1,1,1,6,0
0,1184,-19,1,7,1,2,0
0,-983,-15,1,8,2,6,0
0,1137,-7,2,7,4,6,0
0,-986,14,1,1,2,6,0
0,1131,37,1,12,1,2,0
0,-968,0,2,1,4,6,0
0,-159,-73,-2,4,2,5,0
0,1252,14,2,8,1,5,0
-3,-278,87,-2,12,1,3,0
-2,-317,92,-2,12,1,2,0
0,-108,-12,-2,9,1,6,0
0,-126,-10,-2,9,2,6,0
3,-125,-63,1,3,1,2,0
-3,369,177,2,8,1,3,0
-1,277,211,2,8,1,2,0
-1,483,1,2,8,2,6,0
0,519,-12,-2,3,2,6,0
0,505,-5,-2,3,3,6,0
3,1276,106,2,7,1,2,0
-1,-559,-17,-1,12,1,4,0
0,-558,-17,-1,12,1,4,0
0,-574,-9,-1,12,2,6,0
0,-585,-2,-1,12,3,6,0
-3,203,153,1,6,3,2,0
0,208,0,1,6,4,6,0
1,235,100,1,6,3,3,0
0,407,-154,-2,2,1,3,0
0,-489,15,1,7,1,5,0
0,-472,12,1,7,2,6,0
0,-458,3,1,7,3,5,0
0,-453,5,1,7,4,2,0
0,-231,3,1,12,1,3,0
0,-243,-10,1,12,2,5,0
0,-259,-8,1,12,3,5,0
0,-264,-5,1,12,4,5,0
0,1339,3,1,5,4,5,0
-1,-810,-2,1,6,3,2,0
0,-823,13,1,6,2,5,0
0,-810,-2,1,6,3,3,0
0,-476,-10,2,12,2,4,0
0,-487,-3,2,12,3,5,0
0,134,-16,1,6,1,6,0
0,114,-12,1,6,2,6,0
0,97,-7,1,6,3,5,0
0,92,-11,1,6,4,3,0
-3,-578,99,2,8,1,2,0
0,330,-15,-2,1,1,5,0
0,317,-10,-2,1,2,6,0
0,305,-12,-2,1,3,2,0
0,412,28,1,7,1,6,0
0,445,18,1,7,2,5,0
0,469,12,1,7,3,6,0
-3,474,-138,2,7,4,2,0
0,481,10,2,7,4,5,0
0,-221,5,-2,3,4,6,0
0,-1414,-1,-2,10,4,2,0
0,-279,24,-1,3,1,5,0
0,-245,5,-1,3,2,3,0
0,-231,3,-1,3,3,2,0
1,-252,58,-1,3,2,2,0
0,762,-22,-1,9,1,5,0
0,741,-13,-1,9,2,6,0
1,1052,-50,-2,11,1,5,0
2,1043,-51,-2,11,1,3,0
0,1219,-1,1,5,4,6,0
1,411,-25,2,5,1,3,0
0,75,120,0,2,1,6,0
1,1184,363,1,12,1,2,0
0,-465,-5,2,1,1,6,0
0,-469,-5,2,1,2,6,0
0,-472,7,2,1,3,2,0
0,82,-10,1,12,2,3,0
0,54,126,1,12,3,5,0
0,72,2,1,12,4,5,0
0,477,-12,2,3,1,6,0
0,462,-10,2,3,2,6,0
0,269,17,2,10,1,6,0
0,289,8,2,10,2,6,0
0,332,-15,1,8,1,5,0
0,310,-15,1,8,2,6,0
0,309,185,1,8,3,3,0
-1,-731,13,2,4,4,3,0
0,-737,9,2,4,3,5,0
0,-732,13,2,4,4,2,0
0,164,-18,0,2,1,6,0
0,-1088,-220,0,2,2,6,0
0,410,19,1,8,1,6,0
0,433,13,1,8,2,6,0
0,442,38,1,8,3,6,0
0,451,-4,1,8,4,2,0
0,36,10,-2,2,2,6,0
0,49,5,-2,2,3,6,0
0,53,2,-2,2,4,6,0
0,-552,-44,-2,8,1,5,0
0,18,15,-1,2,1,6,0
0,-103,-13,1,5,1,6,0
0,-115,-8,1,5,2,6,0
0,-126,-4,1,5,3,6,0
0,921,-16,0,10,1,5,0
0,889,-7,0,10,3,6,0
0,883,-6,0,10,4,3,0
0,1454,2,2,4,4,5,0
1,1454,7,2,4,4,4,0
0,-698,12,2,5,3,6,0
-2,25,-29,-1,1,4,2,0
0,2,11,-1,1,2,6,0
0,20,9,-1,1,3,4,0
0,28,5,-1,1,4,4,0
0,147,-18,1,6,1,6,0
0,126,-13,1,6,2,6,0
0,108,-5,1,6,3,6,0
0,102,-4,1,6,4,5,0
-3,-525,-255,2,3,1,3,0
-2,-528,-88,2,3,2,2,0
-1,-519,-39,2,3,1,3,0
0,-513,-14,2,3,1,2,0
0,-532,15,2,3,2,3,0
-2,-76,-171,-2,3,1,4,0
0,988,-22,1,8,1,6,0
0,948,-8,1,8,3,5,0
0,937,-13,1,8,4,2,0
0,-353,-10,-2,5,1,6,0
0,-365,-6,-2,5,2,2,0
0,-474,-19,-2,10,1,6,0
0,-491,-8,-2,10,2,6,0
0,216,17,-2,11,1,5,0
-3,279,-118,0,5,1,6,0
-3,129,-89,0,5,2,6,0
-3,14,-56,0,5,3,6,0
0,658,-108,2,7,2,2,0
-3,1258,-78,2,9,1,2,0
0,-77,-213,2,10,1,3,0
0,-255,30,0,7,1,6,0
0,-221,20,0,7,2,6,0
0,-193,5,0,7,4,5,0
2,-1034,-215,-1,7,2,6,0
2,-1080,-219,-1,7,2,3,1
0,47,18,0,6,1,6,0
0,67,9,0,6,2,6,0
0,82,7,0,6,3,5,0
0,87,4,0,6,4,6,0
-1,646,113,0,9,1,5,0
0,634,-302,0,9,1,2,0
0,595,-319,0,9,1,2,1
0,100,-14,1,12,1,6,0
0,86,-10,1,12,2,6,0
0,69,-6,2,12,4,6,0
-1,58,-185,-2,6,1,2,0
0,-18,-151,-2,6,1,3,0
-2,343,342,-2,10,1,3,0
1,-571,74,0,10,1,6,0
1,-464,244,0,10,1,5,1
0,-250,32,-2,8,1,2,0
0,-473,8,-2,11,3,5,0
0,-469,4,-2,11,4,5,0
0,-512,14,-1,11,1,5,0
3,868,-237,-2,5,1,2,0
0,-79,-1,-2,8,4,6,0
0,-44,-20,-1,8,1,6,0
0,-65,-11,-1,8,2,5,0
0,-79,-4,-1,8,3,6,0
-1,323,225,0,1,2,3,0
1,1042,-484,-2,6,1,2,0
0,-728,-10,2,7,2,6,0
0,-741,-8,2,7,3,5,0
0,560,-20,1,7,1,6,0
0,534,-16,1,7,2,5,0
0,513,-12,1,7,3,6,0
0,503,-7,1,7,4,6,0
-3,-524,-237,0,11,2,3,0
-2,-525,-237,0,11,2,3,0
0,-497,-16,0,11,1,6,0
0,-518,-2,0,11,2,5,0
0,14,25,1,5,1,3,0
0,32,10,1,5,2,6,0
0,-544,-11,1,11,4,3,0
0,44,6,2,5,3,5,0
0,51,2,2,5,4,4,0
0,-403,221,-2,7,1,6,0
0,351,18,0,1,1,6,0
0,375,18,0,1,2,6,0
0,390,10,0,1,3,6,0
0,394,3,0,1,4,5,0
0,402,-24,1,5,1,3,0
0,367,-31,1,5,2,6,0
0,332,-18,1,5,3,4,0
0,315,-10,1,5,4,5,0
-3,-167,21,1,2,2,2,0
0,-169,22,1,2,2,3,0
0,-160,9,1,2,3,6,0
0,-158,3,1,2,4,6,0
0,-432,-25,2,8,1,5,0
0,-455,-16,2,8,2,5,0
-2,-386,-105,2,11,1,2,0
-1,-55,136,2,11,1,2,0
0,456,19,2,12,1,6,0
0,479,20,2,12,2,3,0
0,710,8,-2,9,2,4,0
0,727,9,-2,9,3,5,0
-1,-1405,-2,-2,10,4,2,0
0,687,19,-1,9,1,5,0
0,687,19,-1,9,1,5,1
-3,-450,-64,-2,7,1,5,0
0,706,-18,-1,11,2,6,0
0,687,-6,-1,11,3,5,0
0,-1458,2,-1,12,4,6,0
1,1030,26,1,4,1,2,0
3,-432,-25,-2,3,4,3,0
0,1221,18,1,3,1,5,0
0,-905,13,1,4,2,5,0
0,-884,7,1,4,4,6,0
0,152,-21,1,7,1,6,0
0,131,-11,1,7,2,5,0
0,119,-6,1,7,3,6,0
-1,113,12,2,7,4,2,0
-1,581,-98,-1,7,2,3,0
0,612,8,-1,7,3,6,0
0,620,7,-1,7,4,5,0
0,-1117,-14,1,1,2,2,0
0,-1138,0,1,1,4,5,0
0,1014,-2,1,12,3,6,0
2,-384,48,-2,8,4,3,0
0,1002,-12,-2,10,1,6,0
1,-34,-99,2,1,4,3,0
-1,398,30,-2,7,1,2,0
-3,-45,-46,1,8,1,3,0
0,-31,-22,1,8,1,2,0
0,-63,-15,1,8,2,5,0
0,-83,-9,1,8,3,6,0
0,-90,1,1,8,4,6,0
0,258,-6,-2,12,1,2,0
0,-105,14,-2,9,2,2,0
0,-87,3,-2,9,4,5,0
0,-127,16,-1,9,1,2,0
0,1025,-18,0,7,1,6,0
0,985,-7,0,7,3,5,0
-1,193,28,2,4,1,3,0
0,191,3,2,4,1,2,0
0,206,4,2,4,2,6,0
-3,-496,-42,-2,7,2,3,0
-3,-545,-18,-2,7,3,6,0
-3,-559,-6,-2,7,4,5,0
0,719,-31,0,8,1,5,0
0,680,-24,0,8,2,6,0
0,657,-12,0,8,3,6,0
0,648,-5,0,8,4,6,0
0,80,-18,-2,5,1,6,0
-2,897,-290,-2,9,1,6,0
-2,657,-62,-2,9,2,6,0
0,-814,23,2,12,2,2,0
3,1149,135,-2,7,1,5,0
0,-504,11,2,2,1,6,0
0,799,8,-2,9,1,6,0
0,811,3,-2,9,2,2,0
0,819,2,-2,9,3,6,0
-2,-1212,-71,-1,4,4,2,0
0,-1211,-2,-1,4,4,3,0
0,988,-22,0,3,1,5,0
0,1304,-408,-1,7,4,2,0
0,-808,-12,-1,8,2,6,0
0,-823,-7,-1,8,3,5,0
-3,825,-414,0,8,1,4,0
3,778,-83,0,8,1,4,0
-1,453,73,-2,7,3,2,0
0,451,-4,-2,7,3,3,0
0,447,-3,-2,7,4,5,0
-1,699,114,-2,9,1,5,0
0,483,-16,-1,7,1,5,0
0,467,-6,-1,7,2,2,0
-1,-43,-73,-1,5,1,2,0
-1,-7,-25,-1,5,3,2,0
0,13,-27,-1,5,1,2,0
0,0,-5,-1,5,2,5,0
0,-9,2,-1,5,3,3,0
0,-12,0,-1,5,4,6,0
0,-44,-73,-1,5,1,2,1
0,-291,23,2,9,1,6,0
0,-259,19,2,9,2,5,0
0,285,-181,-1,3,1,6,0
-1,-175,-22,0,1,1,4,0
0,-175,-22,0,1,1,4,0
0,-199,-16,0,1,2,6,0
0,-217,2,0,1,3,2,0
0,-229,3,0,1,4,2,0
0,-173,-25,0,1,1,4,1
1,-220,2,0,1,3,3,0
-2,-133,19,-2,1,2,4,0
-1,-133,12,-2,1,2,4,0
0,-108,-65,-2,1,2,3,0
0,-121,8,-2,1,3,5,0
0,-108,-65,-2,1,2,3,1
0,-332,-34,1,7,1,5,0
0,-361,-12,1,7,2,6,0
0,-382,-10,1,7,3,5,0
0,295,-4,1,4,4,6,0
0,190,-23,2,1,1,2,0
-3,541,111,2,10,2,2,0
-2,542,111,2,10,2,2,0
0,190,-12,2,11,1,6,0
0,741,173,-1,8,2,2,0
0,480,19,1,2,1,5,0
0,501,14,1,2,2,5,0
0,515,12,1,2,3,4,0
0,519,6,1,2,4,6,0
1,-467,132,2,12,1,6,0
0,-139,13,-2,9,1,6,0
0,-126,8,-2,9,2,6,0
0,-427,22,-1,3,1,5,0
0,-398,15,-1,3,2,6,0
0,-378,10,-1,3,3,6,0
0,1051,70,-1,11,1,2,0
0,-1460,5,-2,12,4,6,0
-3,654,48,-1,11,2,2,0
0,627,23,-1,11,1,5,0
0,674,-5,-1,11,3,2,0
-2,251,-294,0,11,1,5,0
-1,-60,-91,0,11,2,5,0
0,-330,19,2,9,2,5,0
0,-310,13,2,9,3,5,0
-1,-417,-250,-2,4,1,3,0
0,768,14,2,4,1,4,0
0,786,9,2,4,2,5,0
0,-569,8,-1,3,2,6,0
0,-559,6,-1,3,3,5,0
0,-555,6,-1,3,4,6,0
1,770,238,1,4,1,5,0
1,-1058,156,1,5,2,5,0
-1,505,-5,-1,6,2,4,0
0,529,-22,-1,6,1,6,0
0,504,-16,-1,6,2,4,0
0,483,-8,-1,6,3,3,0
0,475,20,-1,6,4,3,0
3,-247,118,-1,9,1,6,0
3,-111,75,-1,9,2,6,0
3,-24,35,-1,9,3,6,0
3,-6,-10,-1,9,4,5,0
-1,519,-90,0,5,1,6,0
-1,-499,167,2,7,1,2,0
0,1193,21,1,9,1,6,0
0,-922,12,2,10,2,3,0
0,-901,0,2,10,4,6,0
-3,816,291,0,2,1,6,0
-3,-986,101,0,3,2,6,0
-3,589,-274,2,12,1,3,0
2,395,-41,-2,8,1,6,0
-1,1220,-126,-2,12,1,2,0
-3,241,215,2,8,3,2,0
0,222,-1,2,8,1,3,0
0,235,6,2,8,2,6,0
3,665,-109,-2,2,1,4,0
3,570,299,-2,12,1,3,0
0,771,20,1,6,1,5,0
0,791,6,1,6,2,2,0
0,810,9,1,6,3,6,0
1,-273,309,1,1,1,5,0
1,86,163,1,1,2,6,0
1,83,-295,2,1,3,3,0
0,-554,9,-2,4,3,6,0
0,-548,5,-2,4,4,6,0
0,-590,22,-1,4,1,2,0
-3,-917,11,0,1,4,2,0
-2,-905,-15,0,1,2,3,0
0,-898,-16,0,1,2,2,0
0,1255,-10,0,12,1,5,0
-2,709,128,-2,5,1,4,0
-2,709,128,-2,5,1,4,1
0,-425,13,2,12,1,5,0
0,-407,-1,2,12,2,3,0
0,-1183,-6,-1,1,4,2,0
0,926,14,-1,12,1,6,0
0,955,5,-1,12,3,6,0
0,-488,-26,0,6,1,6,0
0,-520,-22,0,6,2,6,0
0,-541,-11,0,6,3,6,0
0,-551,-7,0,6,4,6,0
2,744,-222,2,6,1,2,0
-2,15,75,2,10,1,5,0
-1,1147,-143,-2,7,1,3,0
-3,-365,48,0,2,1,6,0
-3,-304,36,0,2,2,6,0
-3,-260,22,0,2,3,5,0
-3,-247,5,0,2,4,2,0
0,-802,20,-2,6,2,6,0
0,-782,14,-2,6,3,6,0
0,719,-124,-2,7,1,4,0
-2,-214,-327,-1,2,1,3,0
-2,837,74,2,4,1,2,0
-1,875,-57,2,5,1,2,0
0,417,-14,-2,2,2,6,0
0,408,1,-2,2,3,2,0
1,-384,-4,-2,6,1,2,0
0,-191,13,0,8,1,6,0
0,-172,11,0,8,2,5,0
0,-155,9,0,8,3,5,0
0,-148,8,0,8,4,6,0
1,-148,-7,0,8,4,2,0
-3,473,221,-2,11,1,4,0
0,472,219,-2,11,1,6,0
1,-297,117,-1,1,4,3,0
0,836,141,2,2,2,2,0
1,835,141,2,2,2,2,0
0,-91,-8,-2,1,3,6,0
0,-101,-4,-2,1,4,5,0
-2,-36,-74,-1,1,1,2,0
0,-48,-20,-1,1,1,3,0
0,-71,-17,-1,1,2,5,0
-1,384,-177,-2,8,1,3,0
0,368,-8,-2,8,2,6,0
2,216,-250,-1,4,1,2,0
-3,-489,114,0,2,2,2,0
-1,-507,12,0,2,1,4,0
-1,-471,18,0,2,3,4,0
0,-505,14,0,2,1,4,0
0,-478,-39,0,2,2,5,0
0,-470,12,0,2,3,4,0
0,-463,6,0,2,4,6,0
0,-222,5,-1,6,4,5,0
0,-270,20,0,6,1,6,0
0,-245,31,0,6,2,3,0
0,702,-8,2,4,2,4,0
0,692,-5,2,4,3,5,0
0,-754,11,2,11,2,6,0
0,-744,6,2,11,3,6,0
-1,1037,-77,0,10,1,3,0
0,1085,19,0,10,1,3,0
1,1082,16,0,10,1,4,0
0,-1039,17,0,11,2,6,0
2,160,73,2,10,1,5,0
3,394,97,-2,6,1,6,0
3,-251,-329,-2,12,1,5,0
0,764,-11,1,4,1,6,0
0,752,-7,1,4,2,6,0
0,744,-3,2,4,3,6,0
0,743,1,2,4,4,6,0
0,549,19,1,9,1,6,0
0,574,16,1,9,2,6,0
0,589,8,1,9,3,5,0
0,695,60,-2,5,1,4,0
-1,-567,-194,2,4,3,3,0
0,-496,240,2,4,1,3,0
0,-599,-6,2,4,2,6,0
0,-605,-3,2,4,3,3,0
0,592,30,2,8,1,5,0
0,623,16,2,8,2,6,0
0,292,-28,0,6,1,6,0
0,259,-6,0,6,2,2,0
0,120,-20,0,3,1,5,0
0,103,-12,0,3,2,2,0
0,83,-10,0,3,3,6,0
0,74,-7,0,3,4,6,0
0,331,11,0,9,1,6,0
0,348,7,0,9,2,5,0
0,362,5,0,9,3,6,0
0,367,2,0,9,4,6,0
0,348,7,0,9,2,5,1
2,8,264,2,1,1,3,0
-3,-243,-90,2,8,1,5,0
0,-140,7,-1,9,3,6,0
0,-133,3,-1,9,4,6,0
0,-170,14,0,9,1,5,0
1,-394,-222,2,2,1,4,0
3,-394,-228,2,2,1,5,0
0,615,147,-2,5,1,2,0
0,1280,-6,-2,6,1,2,0
0,-848,10,-2,7,2,5,0
0,-916,-14,-1,1,2,4,0
0,-940,-11,-1,1,4,3,0
2,-54,48,-1,6,3,5,0
0,1242,-12,-1,12,1,5,0
0,-130,43,-1,11,1,2,0
0,-96,17,-1,11,2,5,0
0,-74,12,-1,11,3,6,0
-1,783,-293,-1,12,1,5,0
0,254,-17,2,8,1,5,0
-1,-209,411,-2,9,1,2,0
0,-107,-18,1,2,1,5,0
0,-125,-10,1,2,2,5,0
0,-138,-8,1,2,3,6,0
0,-146,-7,1,2,4,2,0
0,1123,22,1,8,1,6,0
0,1171,5,2,8,4,6,0
0,804,21,0,3,1,6,0
0,829,26,0,3,2,2,0
0,855,-2,0,3,3,2,0
0,-203,359,1,6,1,6,0
0,167,131,1,6,2,6,0
-2,-300,-14,2,11,1,3,0
0,-529,-12,2,6,1,5,0
0,-93,12,-2,2,1,2,0
0,-15,185,2,7,1,6,0
0,1164,-2,1,6,4,6,0
0,-945,-19,1,7,2,5,0
1,1642,-4,-1,4,4,2,0
-2,-375,270,-1,5,2,3,0
1,-464,-43,-1,5,3,6,0
1,-497,-10,-1,5,4,6,0
0,-232,-26,1,3,1,5,0
0,-259,-14,1,3,2,6,0
0,-279,-12,1,3,3,5,0
0,-290,-4,1,3,4,6,0
0,765,-121,-2,6,1,3,0
0,-161,-5,-1,8,1,3,0
0,-145,14,-1,8,2,5,0
0,-132,6,-1,8,3,6,0
-1,3,-129,0,2,3,2,0
0,44,-22,0,2,1,6,0
0,948,-251,0,2,2,6,0
0,0,0,0,2,3,3,0
0,-9,-50,0,2,4,3,0
0,-47,32,-1,6,1,3,0
0,-30,15,-1,6,2,6,0
0,-18,8,-1,6,3,6,0
0,1123,-13,0,11,1,5,0
0,1092,-7,0,11,3,2,0
0,-1041,-7,0,12,2,6,0
0,-1057,1,0,12,4,6,0
-1,-98,13,-2,10,2,3,0
0,-73,-16,-2,10,1,3,0
0,-93,-14,-2,10,2,2,0
0,-117,-11,-2,10,3,5,0
0,-82,37,1,4,1,2,0
-2,-81,-41,2,4,2,2,0
-1,-57,16,2,4,2,4,0
0,-49,-25,2,4,2,4,0
0,-43,6,2,4,3,3,0
1,-28,205,2,4,2,2,0
-1,-412,-77,-2,6,2,2,0
0,-427,22,-2,6,1,5,0
0,-404,-1,-2,6,2,3,0
0,300,-11,0,1,1,2,0
0,284,-9,0,1,2,6,0
0,275,-5,0,1,3,6,0
0,268,2,0,1,4,5,0
0,268,2,0,1,4,5,1
-3,92,-11,-1,11,3,3,0
0,-504,19,1,10,1,5,0
0,-453,7,2,10,3,6,0
0,-449,-1,2,10,4,5,0
0,-449,-1,2,10,4,5,1
3,138,-338,2,9,1,3,0
0,1011,-16,-2,12,1,6,0
3,981,-313,0,1,1,6,0
3,732,-65,0,1,2,2,0
0,320,314,-2,3,1,3,0
0,-684,86,-2,5,2,2,0
0,1082,-17,-2,8,1,6,0
0,-1082,-13,-2,9,2,5,0
3,50,-32,0,3,1,2,0
0,626,18,0,4,1,4,0
0,649,23,0,4,2,3,0
0,661,8,0,4,3,5,0
0,666,21,0,4,4,2,0
3,660,-327,0,4,4,2,0
0,-15,7,-2,8,3,6,0
0,-9,2,-2,8,4,6,0
0,-55,7,-1,8,1,2,0
0,-33,13,-1,8,2,5,0
-2,-330,158,1,6,2,6,0
-2,-172,48,1,6,3,2,0
-3,709,-36,1,10,1,2,0
2,-331,230,2,7,1,6,0
0,316,-13,-2,8,1,2,0
0,536,-312,-2,5,4,2,0
0,-151,8,-2,11,4,6,0
0,-200,17,-1,11,1,6,0
0,-176,17,-1,11,2,6,0
0,-160,-6,-1,11,3,2,0
0,-555,-26,1,5,1,5,0
0,1535,2,2,4,4,6,0
0,-586,-5,2,5,2,3,0
0,-605,-5,2,5,3,5,0
0,-609,-2,2,5,4,2,0
0,311,14,-2,2,1,3,0
0,330,14,-2,2,2,6,0
0,347,7,-2,2,3,6,0
-1,-155,20,-2,4,1,3,0
0,442,-14,0,8,1,4,0
0,429,-1,0,8,2,2,0
0,415,-25,0,8,3,3,0
0,409,-4,0,8,4,6,0
0,442,-14,0,8,1,4,1
-1,396,3,2,12,3,3,0
0,426,-27,2,12,1,3,0
0,416,-8,2,12,2,5,0
0,403,2,2,12,3,2,0
-2,1001,76,-2,2,1,2,0
-2,446,343,-2,3,1,3,0
0,1052,-15,-2,3,1,5,0
0,1184,-277,-2,3,1,2,1
-1,858,-330,-2,10,1,3,0
0,-1181,-1,0,1,4,6,0
-1,964,103,0,12,3,2,0
0,967,-16,0,12,3,3,0
0,-275,-17,-2,5,2,3,0
0,-284,-2,-2,5,3,5,0
0,-286,-2,-2,5,4,6,0
-1,-255,-18,-1,5,1,4,0
0,-253,-18,-1,5,1,6,0
-1,1189,17,0,10,1,4,0
0,1189,17,0,10,1,4,0
0,1225,1,1,10,4,6,0
0,58,16,-1,6,1,6,0
0,76,17,-1,6,2,2,0
0,-867,-9,-1,12,2,6,0
0,-880,0,-1,12,4,6,0
0,-417,12,-2,3,4,6,0
0,-484,26,-1,3,1,6,0
0,-452,19,-1,3,2,6,0
0,-492,-139,-1,3,2,3,1
3,1119,-293,0,6,4,3,0
-1,-118,-250,-2,12,1,3,0
0,-170,-316,-2,12,2,2,0
0,-134,-3,-2,12,3,5,0
1,-175,307,-2,12,2,2,0
-1,940,-91,1,4,1,2,0
0,948,11,1,4,1,3,0
0,305,-21,1,10,1,6,0
0,285,-12,1,10,2,6,0
0,973,-3,2,4,4,6,0
0,267,-7,2,10,4,5,0
-3,642,-325,1,7,2,2,0
0,651,12,1,7,2,6,0
0,668,10,1,7,3,5,0
0,676,3,1,7,4,6,0
0,654,-11,2,1,1,5,0
0,640,-10,2,1,2,6,0
0,-25,-48,2,3,1,2,0
0,332,-93,2,3,1,2,1
0,-1193,1,-1,1,4,5,0
0,959,-9,-1,12,3,6,0
-1,-267,34,0,7,1,3,0
0,-269,34,0,7,1,2,0
0,-253,6,0,7,2,3,0
0,-244,8,0,7,3,6,0
0,-239,4,0,7,4,6,0
0,344,-147,1,2,1,2,0
-2,1204,-246,0,7,1,6,0
-2,868,-21,0,7,3,6,0
0,-648,14,0,9,2,5,0
0,-633,1,0,9,3,5,0
-1,748,11,1,2,1,3,0
0,751,-17,1,2,1,5,0
0,732,-12,1,2,2,6,0
0,-1436,2,1,3,4,2,0
0,-785,6,2,10,2,6,0
0,372,1,-2,11,4,6,0
0,351,9,-1,11,1,5,0
0,359,8,-1,11,2,5,0
0,351,9,-1,11,1,5,1
-2,306,-392,1,5,1,2,0
0,761,-16,1,5,1,2,0
0,549,286,1,5,1,2,1
0,414,-1,2,5,2,6,0
0,408,-1,2,5,3,6,0
0,408,-4,2,5,4,5,0
0,-678,-8,-1,3,2,6,0
0,-690,-3,-1,3,3,6,0
0,-619,11,2,9,2,5,0
0,-364,-18,1,11,1,5,0
0,-378,-10,1,11,2,5,0
0,-392,-3,1,11,3,2,0
0,-402,-1,1,11,4,5,0
0,-378,-10,1,11,2,5,1
0,-305,13,2,5,1,6,0
0,-288,10,2,5,2,6,0
1,-203,155,2,7,1,2,0
2,-169,146,2,7,1,4,0
0,1170,21,0,1,1,6,0
0,1235,184,0,1,1,3,1
0,-949,12,0,2,2,6,0
0,-923,6,0,2,4,6,0
0,-1098,6,-2,2,4,6,0
0,986,23,-1,1,1,6,0
0,1037,11,-1,1,3,6,0
0,713,-2,-2,8,4,6,0
0,747,-14,-1,8,1,3,0
0,728,-12,-1,8,2,5,0
0,960,9,0,2,1,5,0
1,-113,241,2,8,1,5,0
0,-385,29,0,12,1,5,0
0,-358,22,0,12,2,5,0
0,-338,11,0,12,3,6,0
-2,1252,89,2,3,1,2,0
-1,1250,89,2,3,1,2,0
0,416,-20,1,2,2,6,0
0,389,-22,1,2,3,3,0
0,376,-9,1,2,4,6,0
0,46,56,-1,6,1,5,0
0,107,34,-1,6,2,4,0
0,141,15,-1,6,3,5,0
0,46,56,-1,6,1,5,1
0,840,-26,-2,4,1,3,0
0,827,-24,-2,4,2,2,0
0,809,-8,-2,4,3,5,0
0,134,-16,-2,5,1,3,0
0,-842,-12,-2,5,2,6,0
1,410,-31,2,8,1,5,0
0,-177,23,2,11,1,6,0
0,-157,20,2,11,2,2,0
-1,313,13,-1,2,3,5,0
0,330,17,-1,2,4,5,0
0,239,38,0,2,1,6,0
-3,1192,-123,-2,7,1,3,0
-2,138,-43,1,9,1,3,0
0,111,-8,2,9,3,6,0
0,104,-5,2,9,4,6,0
0,104,13,-2,5,2,3,0
0,116,9,-2,5,3,6,0
0,120,-1,-2,5,4,5,0
0,82,19,-1,5,1,5,0
1,839,280,0,10,1,3,0
1,-1090,27,0,11,2,6,0
0,558,-14,0,1,1,6,0
0,543,-9,0,1,2,6,0
0,532,-5,0,1,3,5,0
0,525,-1,0,1,4,5,0
-1,129,-145,1,8,2,3,0
0,102,20,1,8,1,6,0
0,124,37,1,8,2,2,0
0,145,8,1,8,3,6,0
0,155,7,1,8,4,2,0
0,39,-9,-2,7,1,6,0
0,318,8,-1,1,3,6,0
0,325,4,-1,1,4,6,0
-1,591,-47,-2,1,1,2,0
0,-425,2,-2,1,3,2,0
0,-424,3,-2,1,4,5,0
0,-448,9,-1,1,1,5,0
0,-436,3,-1,1,2,2,0
-2,-135,17,2,6,2,3,0
-1,-133,-62,2,6,2,3,0
0,-140,56,2,6,2,6,0
0,-110,12,2,6,3,6,0
0,-118,-20,2,6,4,6,0
1,1044,-259,2,7,1,2,0
1,347,-161,-2,3,1,6,0
0,990,-2,-2,6,4,6,0
0,1041,-20,-1,6,1,5,0
0,999,-20,-1,6,3,2,0
0,265,19,2,1,1,3,0
0,284,12,2,1,2,6,0
0,1140,9,-2,2,1,6,0
-2,-996,-178,-2,3,2,2,0
0,-989,-5,-2,3,2,3,0
-2,404,-251,0,11,1,3,0
-1,467,-271,0,11,1,4,0
2,327,158,2,6,1,6,0
3,328,157,2,6,1,4,0
0,4,20,-1,11,1,6,0
0,28,17,-1,11,2,6,0
0,48,20,-1,11,3,3,0
0,-227,-21,2,3,1,6,0
0,-254,-20,2,3,2,3,0
-2,913,-224,-1,8,1,5,0
-2,681,-123,-1,8,2,6,0
-2,575,-16,-1,8,3,5,0
-1,-425,183,0,11,4,2,0
0,-411,-18,0,11,1,5,0
0,-436,-12,0,11,2,6,0
0,-456,-7,0,11,3,5,0
0,-462,-3,0,11,4,6,0
0,591,-21,-2,7,1,2,0
0,578,-5,-2,7,2,5,0
0,1103,22,-1,2,1,6,0
-1,-1018,18,-1,3,2,4,0
0,-992,-5,-1,3,4,3,0
1,-992,-30,-1,3,4,2,0
-2,691,-215,2,3,1,3,0
-3,932,-220,1,9,1,2,0
-2,1166,188,1,9,1,4,0
0,759,-178,1,9,1,6,0
1,944,203,1,9,1,2,0
-2,332,-15,1,10,2,3,0
0,351,-14,1,10,1,6,0
0,-1032,-136,1,10,2,2,0
0,-478,189,2,5,2,3,0
-3,1112,-139,2,6,4,2,0
0,325,12,2,10,3,3,0
0,320,-2,2,10,4,5,0
-1,603,29,1,1,2,2,0
0,582,18,1,1,1,5,0
0,623,7,2,1,3,5,0
-1,-1514,-33,2,2,4,3,0
-2,710,-487,2,5,1,4,0
-2,-201,-32,-2,4,3,4,0
0,-197,8,-2,4,3,4,0
0,-190,4,-2,4,4,5,0
0,109,-15,-2,10,1,5,0
0,94,-11,-2,10,2,2,0
0,-223,11,-1,4,1,6,0
0,273,-299,2,5,1,2,0
1,274,-299,2,5,1,2,0
1,698,178,-2,2,2,6,0
-1,-376,-5,1,3,3,4,0
0,-402,13,1,3,1,6,0
0,-387,8,1,3,2,6,0
0,-376,6,1,3,3,4,0
-2,383,-21,-1,7,2,3,0
0,365,59,-1,7,1,3,0
0,389,7,-1,7,3,6,0
0,395,3,-1,7,4,6,0
3,-498,192,-2,3,1,5,0
0,-137,29,1,6,1,5,0
0,-105,16,2,6,2,5,0
0,-92,12,2,6,3,2,0
0,-88,11,2,6,4,3,0
-2,1213,-372,-2,5,1,6,0
-2,1460,172,1,5,4,3,0
0,1461,1,1,5,4,6,0
0,-667,-9,1,6,2,6,0
0,-678,-5,1,6,3,6,0
-1,623,4,1,10,4,4,0
0,566,-122,1,10,1,3,0
0,613,8,1,10,2,5,0
0,620,4,1,10,3,5,0
0,608,-105,1,10,4,4,0
1,614,8,1,10,2,4,0
0,968,8,2,2,1,2,0
0,919,-417,2,2,1,2,1
0,-1279,3,-1,1,4,6,0
-2,833,-25,-1,12,1,3,0
0,860,6,-1,12,3,4,0
0,753,-10,1,6,1,5,0
0,721,-11,2,6,3,3,0
0,719,-2,2,6,4,5,0
0,-1213,-2,-2,1,4,6,0
-2,911,-113,-2,6,1,3,0
0,932,2,-2,12,3,5,0
0,933,5,-2,12,3,5,1
0,905,16,-1,12,1,3,0
0,152,-19,1,6,1,6,0
0,130,-16,1,6,2,6,0
0,111,-8,1,6,3,6,0
0,102,-7,1,6,4,5,0
0,890,16,1,5,1,6,0
0,921,6,1,5,3,6,0
-1,62,-59,1,9,1,3,0
0,538,-17,1,10,1,5,0
0,521,-13,1,10,2,2,0
-1,528,135,2,10,4,3,0
0,507,-8,2,10,3,6,0
0,502,-7,2,10,4,6,0
0,528,135,2,10,4,3,1
0,-376,-54,-2,1,1,6,0
-3,1196,235,1,6,1,3,0
0,1193,10,1,6,1,5,0
-3,-944,-6,1,7,2,4,0
0,1209,3,2,6,4,6,0
-3,1191,-19,-2,9,1,3,0
2,1002,4,-1,11,1,2,0
0,-1049,-8,2,1,2,6,0
0,1109,-14,2,12,1,5,0
0,1391,-6,-1,5,4,6,0
0,-716,-17,-1,6,2,5,0
0,595,-175,1,1,2,6,0
2,964,-306,-2,10,1,5,0
3,965,-303,-2,10,1,4,0
0,903,31,0,10,1,6,0
0,963,18,0,10,3,6,0
0,981,13,0,10,4,6,0
0,985,4,-2,10,3,6,0
0,949,20,-1,10,1,6,0
0,819,2,1,9,2,2,0
0,828,4,1,9,3,5,0
-3,-1310,-220,1,10,4,2,0
0,-1310,5,1,10,4,6,0
0,-635,16,1,1,2,6,0
0,-589,74,1,1,3,3,0
0,-609,4,1,1,4,6,0
0,-692,-9,2,7,2,6,0
0,-704,-5,2,7,3,6,0
-3,-228,133,2,11,2,3,0
-2,-227,133,2,11,2,3,0
0,1192,21,-2,11,1,5,0
0,-932,13,-2,12,2,5,0
0,693,92,1,5,1,2,0
0,650,-17,1,5,2,6,0
0,632,-9,1,5,3,6,0
-3,969,-147,-2,3,3,2,0
0,955,10,-2,3,3,3,0
-1,-1188,-5,-2,4,4,3,0
0,918,21,-1,3,1,6,0
1,-214,312,2,12,1,3,0
-1,133,138,-2,6,1,3,0
0,134,-24,-2,6,1,6,0
0,119,-9,-2,6,2,6,0
0,106,-13,-2,6,3,2,0
0,-242,11,-2,12,2,6,0
0,-230,9,-2,12,3,5,0
0,-220,11,-2,12,4,5,0
0,-264,7,-1,12,1,2,0
1,215,58,1,11,1,6,0
-3,-79,-100,-1,3,1,6,0
-1,491,-9,1,2,2,4,0
0,511,-22,1,2,1,5,0
0,492,-11,1,2,2,4,0
0,477,-7,1,2,3,6,0
-1,-24,460,2,10,2,3,0
0,-459,-165,-2,10,1,2,0
-2,1103,-382,-1,12,1,2,0
0,1001,-204,-1,12,1,3,0
0,805,-10,0,10,1,6,0
0,798,5,0,10,2,2,0
0,880,3,-1,10,4,5,0
2,1117,62,0,9,1,6,0
0,804,29,0,10,1,2,0
2,440,-159,-2,9,1,2,0
-1,502,-36,0,7,2,3,0
0,530,38,0,7,2,2,0
0,575,8,1,7,4,3,0
0,407,-335,2,8,1,2,0
2,68,-311,-1,12,2,2,0
0,107,10,0,9,1,6,0
0,122,8,0,9,2,5,0
0,-483,-15,1,3,2,6,0
0,-499,-7,1,3,3,5,0
0,-507,-3,1,3,4,6,0
0,141,3,1,9,4,6,0
3,1145,227,-2,9,1,2,0
0,598,-10,-1,8,3,5,0
0,595,-1,-1,8,4,6,0
0,631,-17,0,8,1,5,0
0,788,15,1,2,1,6,0
0,819,8,2,2,3,6,0
0,-1319,0,2,3,4,6,0
2,39,-342,-1,4,1,3,0
2,-151,-13,-1,4,2,6,0
3,234,-367,-1,4,1,2,0
0,-486,23,0,11,1,5,0
0,-458,17,0,11,2,5,0
0,-437,14,0,11,3,6,0
0,-423,9,0,11,4,6,0
-2,-582,-6,-2,4,2,2,0
0,-135,6,1,3,3,6,0
0,-131,0,1,3,4,5,0
0,-663,-7,2,9,2,6,0
2,328,220,1,6,1,6,0
2,601,151,1,6,2,5,0
2,764,51,1,6,3,5,0
2,-267,127,0,6,1,6,0
-3,797,-151,0,10,4,3,0
0,740,18,0,10,1,6,0
0,772,50,0,10,2,5,0
0,784,9,0,10,3,6,0
1,740,26,0,10,1,5,0
1,682,93,1,4,4,2,0
0,927,6,-2,4,3,6,0
-3,-521,195,-2,10,1,2,0
2,1091,-131,-1,11,1,5,0
3,1003,61,-1,11,1,5,0
-1,390,-48,0,10,2,2,0
0,416,-29,0,10,1,6,0
0,360,-10,0,10,3,6,0
0,350,-17,0,10,4,3,0
-1,299,117,-1,6,4,2,0
0,326,-11,-1,6,1,5,0
0,313,-4,-1,6,2,6,0
0,300,1,-1,6,3,6,0
0,314,-13,-1,6,4,3,0
0,217,-228,-1,6,2,3,1
-1,758,-10,1,4,3,4,0
-1,779,46,1,4,4,6,0
-2,806,-179,2,10,1,2,0
0,-714,-6,-2,3,2,5,0
-3,284,-9,-2,4,3,3,0
0,281,17,-2,4,3,2,0
-2,-189,-374,-1,7,2,3,0
1,85,-223,-1,7,1,6,0
1,-166,-128,-1,7,2,6,0
0,-502,19,-1,10,1,4,0
0,-479,13,-1,10,2,5,0
0,-464,8,-1,10,3,5,0
0,-458,3,-1,10,4,5,0
1,-504,11,-1,10,1,4,0
0,950,-170,-2,8,1,3,0
2,1132,-188,0,10,1,6,0
0,-695,14,1,12,2,6,0
0,-677,15,1,12,3,6,0
0,-665,5,1,12,4,2,0
-3,769,-350,2,3,1,6,0
0,1270,-4,-2,10,1,2,0
1,1271,-4,-2,10,1,2,0
0,599,13,-1,2,2,6,0
0,618,10,-1,2,3,6,0
0,-1518,4,-1,3,4,6,0
-1,240,-275,-1,5,1,3,0
-1,-43,-159,-1,5,2,5,0
3,595,-66,-1,7,3,4,0
0,752,-21,0,8,1,6,0
0,735,-10,0,8,2,6,0
0,726,-11,0,8,3,2,0
0,709,-41,2,4,1,5,0
0,144,-18,-2,8,1,2,0
-3,688,43,1,5,2,2,0
-2,672,201,1,5,1,3,0
0,659,47,1,5,1,2,0
-2,1159,-20,2,4,1,6,0
-3,906,334,2,5,1,3,0
-2,806,342,2,5,1,5,0
0,710,2,2,5,4,6,0
1,172,141,-2,6,1,6,0
2,139,184,-2,6,1,2,0
0,474,-393,-2,12,1,6,0
0,-511,309,0,6,1,3,0
0,-235,140,0,6,2,5,0
0,-402,-1,0,10,1,5,0
0,-399,0,0,10,2,5,0
0,-399,0,0,10,3,6,0
0,-398,0,0,10,4,6,0
0,156,-14,1,10,1,5,0
0,147,-4,1,10,2,5,0
0,137,-6,1,10,3,6,0
0,136,-3,1,10,4,6,0
0,-804,-3,2,5,2,2,0
-3,163,73,-2,2,1,4,0
0,-1,-320,-2,2,1,3,0
0,168,8,-2,2,2,6,0
3,421,-270,-2,8,1,4,0
0,5,11,-1,3,1,4,0
0,24,8,-1,3,2,6,0
0,35,4,-1,3,3,6,0
0,40,3,-1,3,4,6,0
0,577,-22,0,9,1,6,0
0,554,-14,0,9,2,6,0
0,539,-6,0,9,3,6,0
0,530,-5,0,9,4,4,0
0,-365,8,-2,10,3,6,0
0,-356,7,-2,10,4,6,0
2,365,120,2,1,1,5,0
0,169,-16,2,4,1,6,0
0,150,-13,2,4,2,5,0
0,137,-6,2,4,3,5,0
3,-256,456,2,4,1,3,0
0,-309,-19,2,3,1,5,0
0,-688,-7,-2,2,2,6,0
-3,512,26,0,7,2,4,0
-1,457,-5,0,7,1,2,0
-1,518,26,0,7,2,4,0
0,481,243,0,7,1,2,0
0,517,29,0,7,2,4,0
0,533,10,0,7,3,5,0
0,517,26,0,7,2,4,1
2,996,-203,-1,7,1,2,0
0,-556,15,1,1,1,6,0
0,-539,16,1,1,2,6,0
0,-518,4,1,1,4,6,0
-3,1373,7,1,6,4,2,0
-2,1370,-145,1,6,4,2,0
-2,1346,-64,1,6,4,2,1
0,1327,-113,1,6,4,3,0
0,-746,-13,1,7,2,5,0
0,-762,-8,1,7,3,6,0
-2,-535,196,-1,10,1,3,0
1,-549,-60,-1,10,1,3,0
0,357,17,-1,11,2,6,0
0,376,5,-1,11,3,6,0
0,382,5,-1,11,4,5,0
0,-766,-3,1,10,2,6,0
0,-773,-2,1,10,3,6,0
0,-773,1,1,10,4,6,0
-1,1231,-21,0,3,1,4,0
0,1229,-18,0,3,1,5,0
0,-937,-11,0,4,2,6,0
0,-744,12,0,10,2,5,0
0,-731,8,0,10,3,6,0
0,-724,39,0,10,4,2,0
-1,1122,14,1,8,1,2,0
1,405,-76,-2,9,1,6,0
-1,-997,-4,-1,4,2,2,0
0,-998,-2,-1,4,2,4,0
0,-1016,-2,-1,4,4,5,0
0,542,12,1,9,1,6,0
0,556,10,1,9,2,5,0
0,566,6,2,9,3,6,0
0,571,2,2,9,4,6,0
0,459,22,2,9,3,3,1
0,513,-6,-1,5,3,5,0
0,507,-2,-1,5,4,4,0
-2,62,-169,0,4,1,6,0
0,543,-15,0,5,1,2,0
0,-643,14,1,12,2,5,0
0,-629,12,1,12,3,6,0
0,-643,14,1,12,2,5,1
-1,122,125,2,3,1,6,0
0,-622,-1,2,12,4,3,0
0,729,13,0,12,1,2,0
0,-1374,5,1,1,4,6,0
0,763,-16,1,12,3,2,0
0,1103,1,-2,10,4,6,0
-1,158,33,-1,5,2,3,0
0,107,16,-1,5,1,6,0
0,127,11,-1,5,2,2,0
0,143,9,-1,5,3,6,0
1,104,-258,-1,5,2,3,0
0,1133,-12,-1,10,1,6,0
0,-1027,-6,-1,11,2,6,0
0,575,16,1,4,1,5,0
0,597,13,1,4,2,5,0
0,620,4,1,4,4,6,0
0,-949,9,2,1,2,6,0
0,-939,14,2,1,4,2,0
0,-748,-10,2,7,2,6,0
0,-757,-4,2,7,3,6,0
1,1204,115,2,7,1,6,0
0,779,-18,-2,1,3,3,0
0,-1373,-3,-2,2,4,6,0
-1,805,4,-1,1,1,3,0
-1,796,30,-1,1,2,2,0
0,811,-22,-1,1,1,2,0
0,-336,28,1,8,1,5,0
0,-302,18,1,8,2,4,0
0,-276,9,1,8,3,5,0
0,-268,5,1,8,4,5,0
3,1139,498,-2,9,1,2,0
0,-842,-15,-1,2,2,6,0
0,-869,5,-1,2,4,2,0
0,270,11,0,8,1,6,0
0,284,17,0,8,2,2,0
2,997,3,2,4,1,6,0
3,250,-352,2,7,1,2,0
2,-164,-224,2,5,1,2,0
3,-212,-194,2,5,1,6,0
-3,20,102,2,12,1,2,0
1,71,215,-2,8,1,3,0
2,70,215,-2,8,1,3,0
-1,797,-20,-1,6,3,3,0
0,798,-20,-1,6,3,3,0
0,1300,-3,1,6,4,6,0
0,-836,1,1,7,3,2,0
-3,500,-114,2,9,1,2,0
0,-347,6,-2,9,4,4,0
0,-416,20,-1,9,1,5,0
0,-385,20,-1,9,2,6,0
0,-364,20,-1,9,3,2,0
0,-259,-19,2,2,1,2,0
0,771,31,-2,5,1,6,0
0,1142,161,-1,5,1,2,0
3,-497,-167,2,2,1,6,0
-1,-6,-200,2,5,1,3,0
0,952,-20,2,11,1,5,0
0,-365,20,-2,7,1,6,0
0,-341,14,-2,7,2,5,0
0,-325,6,-2,7,3,6,0
-1,-488,-262,-2,11,1,4,0
-1,-764,-149,-2,11,2,2,0
0,-788,-109,-2,11,2,4,0
3,1205,-299,-1,8,1,6,0
0,758,30,2,11,1,5,0
0,44,-10,-2,9,2,6,0
0,27,-5,-2,9,3,6,0
-2,498,-62,2,1,1,2,0
0,1277,19,2,3,1,2,0
2,-257,278,2,9,4,3,0
0,-1073,-11,1,1,2,5,0
0,-1092,-3,1,1,4,6,0
2,-139,97,1,1,2,3,0
0,1071,-212,1,12,1,2,0
0,1057,-5,1,12,3,6,0
0,-742,6,2,8,2,5,0
0,-734,5,2,8,3,6,0
2,937,37,2,11,1,3,0
-1,745,36,-1,11,2,3,0
0,767,12,-1,11,3,6,0
0,-1369,-6,-1,12,4,2,0
0,-1113,-11,-2,1,2,5,0
0,-1134,-1,-2,1,4,5,0
0,1017,-6,-2,12,3,5,0
-3,1046,13,-1,12,1,4,0
0,956,-198,-1,12,1,2,0
1,895,-286,-1,12,1,4,0
0,975,8,-2,3,1,3,0
0,224,-349,2,2,2,3,0
-1,-493,-17,-1,9,1,2,0
0,-498,-18,-1,9,1,5,0
0,-519,-14,-1,9,2,5,0
0,-534,-6,-1,9,3,5,0
0,26,17,0,3,1,6,0
0,50,20,0,3,2,2,0
0,69,9,0,3,3,6,0
0,79,8,0,3,4,6,0
0,29,-3,0,3,1,3,1
-1,-1096,8,-2,3,4,3,0
0,230,-23,0,7,1,6,0
0,205,-17,0,7,2,6,0
0,185,-12,0,7,3,6,0
0,174,5,0,7,4,2,0
-1,988,184,0,4,1,6,0
0,82,-18,0,11,1,6,0
0,60,-9,0,11,2,6,0
0,42,-5,0,11,3,6,0
0,-61,8,1,5,1,5,0
1,322,358,2,3,1,2,0
0,-33,7,2,5,3,6,0
0,-25,6,2,5,4,6,0
1,-26,4,2,5,4,4,0
0,-141,-61,2,7,1,3,0
0,695,-309,2,12,1,2,0
0,87,4,-2,10,3,6,0
0,88,0,-2,10,4,5,0
0,64,9,-1,10,1,6,0
0,15,-224,-1,10,1,2,1
0,-955,-12,1,1,2,6,0
0,-974,-7,1,1,4,3,0
0,1204,-15,1,12,1,6,0
-1,838,124,2,8,1,4,0
0,841,128,2,8,1,5,0
-2,-799,39,-2,4,2,5,0
0,315,-19,1,7,1,6,0
0,299,-11,1,7,2,2,0
0,894,-7,2,1,1,3,0
0,286,-6,2,7,3,6,0
0,282,0,2,7,4,6,0
-2,-475,-205,-2,6,1,3,0
-1,-106,25,-1,7,3,4,0
0,-210,53,-1,7,1,5,0
0,-148,33,-1,7,2,6,0
0,-106,25,-1,7,3,4,0
0,-84,13,-1,7,4,4,0
1,-314,-12,2,1,1,2,0
3,608,-24,-1,4,1,2,0
-1,478,-33,2,12,1,3,0
0,491,-35,2,12,1,2,0
0,1240,7,-1,4,4,6,0
0,-934,13,-1,5,2,3,0
0,969,-8,0,11,1,4,0
0,948,-2,0,11,3,5,0
0,968,-3,0,11,1,4,1
0,-1200,1,0,12,4,6,0
2,-962,-263,2,2,4,3,0
0,-709,10,1,4,2,5,0
0,940,-169,1,11,1,2,0
0,-697,7,2,4,3,5,0
0,-689,6,2,4,4,5,0
0,1009,-2,2,11,3,6,0
-1,-1139,64,2,12,4,2,0
0,-1140,195,2,12,4,2,0
-3,-11,28,-1,9,1,3,0
0,-21,29,-1,9,1,2,0
0,2,14,-1,9,2,6,0
0,20,9,-1,9,3,6,0
0,29,2,-1,9,4,6,0
0,656,-12,0,1,1,5,0
0,641,-7,0,1,2,6,0
-1,-478,-201,2,3,1,5,0
-1,-289,-33,-2,9,1,4,0
0,1454,0,1,4,4,5,0
0,-666,-15,1,5,2,5,0
0,-685,-7,1,5,3,4,0
-1,745,-41,1,10,2,2,0
0,734,10,1,10,1,6,0
0,747,6,1,10,2,5,0
-2,623,-181,2,9,1,3,0
-2,485,-77,2,9,2,5,0
-2,458,44,2,9,3,6,0
0,756,10,2,10,3,3,0
0,761,9,2,10,4,3,0
-1,-1149,167,-2,1,4,5,0
-1,-1068,-113,-1,1,2,6,0
-3,578,-72,-1,3,1,2,0
0,590,31,-1,3,1,3,0
0,618,24,-1,3,2,5,0
0,645,13,-1,3,3,6,0
0,-1487,3,-1,4,4,5,0
-1,1263,-177,-1,12,1,5,0
0,1265,-181,-1,12,1,4,0
0,1170,-17,2,8,1,6,0
0,-990,-11,2,9,2,6,0
0,118,21,-2,7,1,5,0
0,140,9,-2,7,2,2,0
-2,-418,407,-2,11,1,2,0
0,1136,-142,-2,2,1,3,0
-1,1136,-296,-2,2,1,2,0
0,-144,18,-1,4,1,6,0
0,-123,14,-1,4,2,5,0
0,-109,6,-1,4,3,6,0
0,-106,6,-1,4,4,4,0
0,202,1,1,12,1,2,0
-3,-112,14,2,3,1,3,0
0,-162,73,2,3,1,2,0
1,-90,38,2,3,1,3,0
0,189,-9,2,12,2,6,0
0,177,-8,2,12,3,6,0
0,170,5,2,12,4,2,0
0,-282,16,0,5,1,6,0
0,-262,19,0,5,2,5,0
0,-248,14,0,5,3,5,0
0,-241,5,0,5,4,6,0
-1,-358,-109,1,11,2,2,0
0,-344,-12,1,11,1,6,0
0,-360,-7,1,11,2,3,0
0,-372,-3,2,11,4,6,0
1,-944,170,-1,3,4,2,0
-2,-537,-356,-1,12,2,3,0
-1,-531,-12,-1,12,2,2,0
0,-532,-12,-1,12,2,2,0
0,-559,-11,-1,12,3,6,0
0,-570,-4,-1,12,4,6,0
1,143,-75,-2,1,1,6,0
-1,-415,131,-2,6,1,3,0
0,813,20,-1,7,3,5,0
0,825,-2,-1,7,4,5,0
0,875,136,2,2,1,2,0
1,796,-203,2,2,1,3,0
-1,113,-168,2,3,2,3,0
0,204,1,2,3,2,3,0
0,212,3,2,3,3,6,0
1,163,-243,2,3,2,2,0
2,1169,175,-1,2,1,3,0
-2,1404,3,-1,7,4,2,0
0,1406,3,-1,7,4,3,0
0,-757,8,-1,8,2,6,0
0,-745,7,-1,8,3,5,0
0,-135,-21,1,2,1,6,0
0,-155,-9,1,2,2,6,0
-1,467,-361,2,1,1,3,0
0,-173,-4,2,2,4,6,0
-2,-115,169,-2,5,1,2,0
0,1118,-10,-2,11,1,6,0
-3,-421,-51,0,4,1,3,0
-2,-410,156,0,4,1,2,0
0,-469,-279,0,4,1,3,0
0,-435,-15,0,4,2,6,0
0,-450,-4,0,4,3,5,0
0,-459,-21,0,4,4,3,0
0,162,32,0,10,1,3,0
0,177,30,0,10,2,2,0
0,198,5,1,10,4,6,0
0,-97,13,-2,1,3,3,0
0,-88,16,-2,1,4,5,0
0,-148,21,-1,1,1,6,0
0,-121,16,-1,1,2,6,0
0,-301,-300,-1,1,1,2,1
-2,-293,-228,-1,8,2,3,0
-2,-277,280,-1,8,3,2,0
-1,-301,12,-1,8,3,2,0
0,-275,-17,-1,8,1,4,0
0,-307,-2,-1,8,4,4,0
1,167,158,2,2,1,3,0
2,128,180,2,2,1,5,0
2,315,115,2,2,2,2,0
1,-131,-286,-2,10,2,2,0
2,-129,-206,-2,10,2,2,0
2,-349,-85,-1,6,1,2,0
3,-347,-85,-1,6,1,2,0
0,1295,17,0,6,1,2,0
0,-839,4,0,7,2,5,0
-1,873,69,0,11,1,3,0
0,831,-10,0,11,3,6,0
-2,-1325,12,0,12,4,2,0
-1,-1325,12,0,12,4,2,0
0,-1326,-12,0,12,4,3,0
0,122,186,2,1,1,2,0
0,-550,-35,0,4,1,4,0
0,-584,-23,0,4,2,5,0
0,-607,-3,0,4,3,2,0
0,-625,-11,0,4,4,6,0
-2,-154,198,2,10,1,2,0
0,187,29,1,6,1,5,0
0,224,19,1,6,2,6,0
0,245,11,1,6,3,6,0
0,-20,-8,-1,11,1,5,0
0,-30,-22,-1,11,2,3,0
0,-36,-3,-1,11,3,5,0
0,-360,103,1,8,2,6,0
0,-104,15,-1,3,3,5,0
0,-92,7,-1,3,4,5,0
0,554,-314,-2,2,1,3,0
0,688,13,-2,2,2,6,0
2,402,-102,-2,10,2,5,0
2,586,-172,-1,10,1,5,0
0,641,205,0,7,1,2,0
0,863,-17,1,7,1,4,0
0,835,-5,1,7,3,5,0
0,829,-4,1,7,4,6,0
0,1020,-6,1,7,3,6,1
0,917,-238,1,7,4,4,1
0,1488,-27,-2,5,4,5,0
0,-695,95,-1,6,2,5,0
0,-617,11,-1,6,3,5,0
-1,142,-146,0,5,1,2,0
0,112,-14,0,5,2,6,0
0,96,-7,0,5,3,6,0
0,91,3,0,5,4,6,0
1,114,-14,0,5,2,4,0
1,1110,-441,-2,4,1,2,0
2,938,106,-2,4,1,3,0
1,1050,123,-1,9,1,4,0
0,-96,12,1,12,1,3,0
0,-79,10,1,12,2,2,0
0,-62,8,2,12,3,6,0
0,-57,6,2,12,4,5,0
0,1269,4,1,7,4,6,0
0,-890,8,1,8,2,6,0
0,982,79,2,5,3,5,0
-3,958,35,2,11,1,3,0
0,-603,-28,-2,4,1,2,0
0,1158,15,1,9,1,5,0
0,-966,17,1,10,2,5,0
0,-945,1,2,10,4,6,0
0,803,123,-2,6,1,2,0
-2,-372,70,1,11,1,5,0
0,-307,39,1,11,2,2,0
0,-251,27,2,11,3,5,0
0,-231,12,2,11,4,5,0
0,543,-17,1,4,1,6,0
0,525,-13,1,4,2,2,0
0,507,-5,2,4,3,6,0
0,502,-4,2,4,4,6,0
0,-704,71,-2,3,3,6,0
0,801,10,-2,6,3,6,0
0,812,9,-2,6,4,6,0
0,-108,9,-2,11,2,5,0
0,1088,179,-1,2,1,5,0
-1,-878,110,-1,3,2,2,0
0,758,19,-1,6,1,6,0
0,783,16,-1,6,2,5,0
-2,761,9,-2,5,1,2,0
0,765,59,-2,5,1,3,0
0,782,13,-2,5,2,5,0
-2,24,483,-1,5,3,3,0
0,-474,-19,1,2,1,3,0
0,-485,-12,1,2,2,5,0
0,-499,-7,1,2,3,6,0
0,-507,-3,1,2,4,6,0
0,-553,18,0,12,1,6,0
0,-532,17,0,12,2,6,0
0,-512,12,0,12,3,5,0
0,-196,-10,1,5,1,5,0
0,-214,-11,1,5,2,5,0
0,-226,3,1,5,3,2,0
0,-595,148,1,9,2,5,0
0,-480,13,1,9,3,6,0
-3,523,-94,2,9,1,6,0
0,167,-12,1,9,1,6,0
0,153,7,1,9,2,3,0
0,143,-6,1,9,3,6,0
0,138,-3,1,9,4,6,0
0,24,-58,2,12,1,6,0
0,-40,-39,2,12,2,5,0
0,-392,8,-2,2,4,6,0
0,-446,18,-1,2,1,6,0
0,-423,1,-1,2,2,2,0
0,-456,-144,-1,2,2,2,1
3,-437,453,-1,2,2,2,0
0,-637,-16,1,8,2,6,0
0,-656,-11,1,8,3,6,0
0,1475,-6,2,7,4,3,0
0,212,53,-2,10,1,3,0
0,-180,-12,0,10,1,6,0
0,-189,-8,0,10,2,6,0
0,-198,-1,0,10,3,5,0
0,-202,0,0,10,4,4,0
0,1150,45,2,9,1,6,0
0,-949,15,2,10,2,2,0
0,1246,46,2,2,1,2,0
0,370,-90,1,5,1,6,0
0,271,-50,1,5,2,5,0
0,218,-27,1,5,3,2,0
0,211,26,2,5,4,3,0
0,-843,-4,-2,3,4,5,0
0,-823,-15,-1,3,2,6,0
2,813,-151,2,8,1,5,0
2,-555,38,-1,11,1,6,0
0,169,17,0,2,1,6,0
0,44,48,0,2,2,6,0
0,213,12,0,2,3,6,0
0,223,8,0,2,4,6,0
-1,-248,31,0,9,3,2,0
-1,-252,32,0,9,4,2,0
0,-237,-11,0,9,2,6,0
0,-250,6,0,9,3,3,0
0,-255,6,0,9,4,3,0
0,-562,24,-2,10,1,5,0
0,-539,16,-2,10,2,2,0
-2,0,-58,0,3,1,4,0
1,357,310,0,3,1,3,0
1,-242,-404,0,3,1,3,1
0,369,-17,1,1,1,5,0
0,350,-11,1,1,2,6,0
0,338,-4,1,1,3,6,0
0,332,0,1,1,4,6,0
3,20,-203,-2,8,1,2,0
3,959,-422,-2,12,1,2,0
-2,466,26,1,5,1,4,0
-1,463,24,1,5,1,4,0
0,488,18,1,5,2,5,0
0,500,17,1,5,3,2,0
0,509,7,2,5,4,4,0
0,510,10,2,5,4,4,1
0,958,-3,-2,7,3,6,0
0,953,10,-2,7,4,3,0
-2,982,101,-1,7,1,3,0
0,989,-19,-1,7,1,2,0
1,107,252,0,5,1,3,0
1,204,-69,0,5,2,5,0
2,-16,267,0,5,1,2,0
2,205,-72,0,5,2,4,0
1,994,-302,0,5,1,2,0
0,-591,-30,1,7,1,2,0
0,-614,-27,1,7,2,2,0
0,1518,2,2,6,4,6,0
0,-625,-5,2,7,3,6,0
0,10,-27,-1,4,1,5,0
0,-19,-20,-1,4,2,6,0
0,-46,-20,-1,4,3,2,0
0,665,7,-2,2,1,5,0
0,731,132,-2,3,1,3,0
0,-226,9,1,2,1,6,0
0,-214,7,1,2,2,6,0
0,-205,3,2,2,4,6,0
0,1131,-25,2,7,1,6,0
0,-1040,-19,2,8,2,6,0
3,-1009,-118,-2,9,2,2,0
-2,-601,24,-2,9,1,2,0
2,165,32,-2,11,1,2,0
0,988,142,2,7,1,2,0
0,1313,6,1,7,4,5,0
1,1313,17,1,7,4,4,0
0,-855,11,1,8,2,6,0
0,-842,2,1,8,3,2,0
-1,252,238,-2,5,1,6,0
0,308,247,-2,5,1,3,0
0,930,-105,1,5,1,5,0
1,953,13,1,5,1,4,0
0,812,-14,1,11,1,5,0
0,985,6,2,5,3,6,0
0,991,6,2,5,4,3,0
0,783,-18,2,11,3,2,0
0,-1368,-4,2,12,4,6,0
0,966,23,1,5,1,6,0
0,1004,4,1,5,3,2,0
0,1011,3,2,5,4,6,0
1,1027,175,0,5,1,4,0
2,1028,171,0,5,1,5,0
2,-939,74,0,6,2,5,0
1,1053,-235,2,11,1,3,0
-1,1318,-60,0,8,4,3,0
0,1319,-5,0,8,4,5,0
0,-788,-22,0,9,2,5,0
0,-813,-11,0,9,3,5,0
0,-1090,33,-2,10,2,2,0
0,-488,9,-1,11,4,6,0
0,-525,66,0,11,1,2,0
0,-515,18,0,11,2,6,0
0,1144,-19,-2,2,1,6,0
0,-1015,-11,-2,3,2,6,0
0,1334,12,-2,8,4,2,0
0,1289,17,-1,8,1,2,0
0,-835,12,-1,9,2,6,0
1,-833,12,-1,9,2,4,0
0,463,10,1,7,1,6,0
0,476,8,1,7,2,6,0
0,484,4,1,7,3,6,0
-1,549,86,-2,2,2,3,0
0,553,-17,-2,2,2,2,0
0,541,-3,-2,2,3,6,0
0,536,37,-2,2,4,2,0
1,1134,-167,-2,4,1,3,0
2,1076,-379,-2,4,1,3,0
-3,178,-287,-2,8,3,3,0
-3,178,-287,-2,8,3,3,1
0,160,6,-2,8,1,3,0
0,173,8,-2,8,2,6,0
0,182,4,-2,8,3,6,0
3,-135,203,-2,8,1,5,0
0,571,-19,-1,2,1,2,0
2,944,167,2,2,1,3,0
-3,633,-27,2,10,2,2,0
-1,426,-423,2,10,1,2,0
-1,631,76,2,10,2,3,0
0,664,-31,2,10,1,5,0
0,610,-24,2,10,3,2,0
1,600,-127,2,10,2,2,0
0,543,6,1,5,1,6,0
0,553,4,1,5,2,5,0
0,559,4,1,5,3,5,0
3,500,308,0,5,1,2,0
0,1148,-22,1,5,1,6,0
0,-1022,-18,1,6,2,6,0
0,1099,-8,2,5,3,2,0
0,1090,-1,2,5,4,6,0
0,-755,8,2,6,3,6,0
-1,-113,-17,0,2,1,4,0
0,-113,-17,0,2,1,4,0
0,979,-33,0,2,2,6,0
0,-147,-7,0,2,3,5,0
0,-156,-3,0,2,4,6,0
-3,58,-33,0,8,2,2,0
-1,60,86,0,8,2,5,0
0,52,14,0,8,1,6,0
0,71,44,0,8,2,2,0
0,-112,-18,1,6,1,6,0
-1,-147,-7,2,6,4,2,0
0,-131,-9,2,6,2,6,0
0,-144,-2,2,6,3,5,0
0,-147,8,2,6,4,4,0
3,20,-287,2,11,1,2,0
0,-153,0,-1,9,4,5,0
0,56,16,0,3,1,6,0
0,81,10,0,3,2,5,0
-1,-120,119,0,9,1,3,0
0,-113,-11,0,9,1,2,0
0,-133,-12,0,9,2,6,0
0,-548,-21,1,6,1,5,0
0,-571,-12,1,6,2,5,0
0,1544,-2,2,5,4,6,0
0,-595,-4,2,6,4,2,0
0,-711,10,0,10,2,2,0
0,-692,8,0,10,3,5,0
0,-684,5,0,10,4,6,0
0,1242,-15,2,2,1,5,0
0,-914,-9,2,3,2,6,0
1,-98,-232,-2,11,1,3,0
2,-175,223,-2,11,1,2,0
0,-221,-101,2,2,2,2,0
-1,-432,175,0,11,2,6,0
3,149,183,-2,2,1,3,0
0,-63,19,0,11,1,4,0
0,-43,11,0,11,2,6,0
0,-31,9,0,11,3,6,0
0,-25,4,0,11,4,6,0
0,-61,10,0,11,1,4,1
1,-26,4,0,11,4,4,0
3,812,-153,-2,6,1,2,0
-1,-498,63,-1,5,1,2,0
0,-493,10,-1,5,1,3,0
0,-479,10,-1,5,2,6,0
0,-469,9,-1,5,3,6,0
0,658,-18,-1,11,1,6,0
0,640,-7,-1,11,2,6,0
-2,65,-34,-2,9,3,2,0
0,88,-11,-2,9,2,6,0
0,81,-2,-2,9,3,6,0
0,84,16,-2,9,4,2,0
0,109,-13,-1,9,1,2,0
0,406,14,1,3,1,5,0
0,425,11,1,3,2,6,0
0,437,7,1,3,3,5,0
0,443,6,1,3,4,6,0
1,406,11,1,3,1,4,0
0,691,-34,1,1,1,3,0
0,654,-29,1,1,3,3,0
0,-1503,-8,1,2,4,6,0
-2,1166,-156,2,5,1,6,0
0,440,-20,0,8,1,5,0
0,407,57,0,8,2,5,0
1,-279,446,0,8,1,3,0
0,469,9,1,3,3,6,0
0,478,8,1,3,4,6,0
0,-1664,7,1,4,4,2,0
3,-14,-50,-2,6,1,2,0
0,868,-9,-1,8,1,6,0
0,844,-4,-1,8,4,5,0
-1,-447,24,2,9,1,5,0
0,-218,-19,0,4,1,6,0
0,-242,-7,0,4,2,5,0
0,-256,-9,0,4,3,5,0
0,-266,-4,0,4,4,6,0
1,-215,-20,0,4,1,4,0
-2,-8,108,-2,7,1,6,0
2,33,-205,-2,10,1,2,0
0,-611,16,-1,11,2,6,0
0,-596,8,-1,11,3,6,0
0,1154,-12,0,4,1,6,0
0,1121,0,0,4,4,5,0
0,-1008,-9,0,5,2,5,0
-1,75,256,1,2,1,2,0
0,76,256,1,2,1,2,0
1,5,26,-2,11,1,3,0
0,449,-4,-2,12,3,3,0
0,446,0,-2,12,4,5,0
0,473,-15,-1,12,1,6,0
0,-536,3,-1,7,4,5,0
0,-560,9,0,7,1,5,0
0,-549,43,0,7,2,2,0
0,17,-372,2,8,1,3,0
0,951,14,2,1,1,5,0
0,-552,-10,-2,8,1,5,0
1,-847,129,-1,1,2,6,0
1,-719,49,-1,1,3,6,0
0,1052,235,-1,12,1,4,0
1,1052,234,-1,12,1,5,0
0,-341,-9,-2,11,1,3,0
0,-353,-10,-2,11,2,5,0
0,-362,-4,-2,11,3,6,0
0,-92,14,1,7,2,6,0
0,-99,-13,1,7,3,2,0
0,-120,-20,1,7,4,6,0
0,265,-33,-1,6,1,6,0
0,567,-15,2,12,1,5,0
3,409,1,2,1,1,2,0
0,1157,-20,-2,7,1,6,0
-1,-963,386,-2,8,2,2,0
-3,-572,456,-2,9,1,2,0
0,53,-96,0,9,1,6,0
0,87,-36,0,9,2,2,0
0,61,-12,0,9,3,6,0
0,52,-6,0,9,4,6,0
0,112,-28,0,9,1,5,1
-3,1385,-269,1,4,4,5,0
-1,972,30,-2,5,1,5,0
-1,1146,11,1,2,1,3,0
0,1117,62,1,2,1,2,0
0,-941,45,1,3,2,5,0
0,-875,6,1,3,4,2,0
1,640,19,2,1,1,6,0
-3,1123,258,2,7,1,3,0
0,1123,6,2,7,1,6,0
-2,-112,-295,-2,7,1,5,0
0,12,-12,1,4,3,5,0
0,220,28,-1,5,2,5,0
0,246,14,-1,5,3,5,0
0,258,9,-1,5,4,6,0
2,-467,-111,-2,2,1,6,0
0,819,-15,-1,2,1,5,0
0,801,-21,-1,2,2,2,0
0,784,6,-1,2,3,2,0
-1,948,11,-2,1,1,3,0
0,949,11,-2,1,1,2,0
0,377,131,-2,3,1,2,0
0,-684,10,1,5,2,5,0
-3,331,-58,2,1,1,5,0
3,1081,-135,2,1,1,3,0
-2,1477,170,2,4,4,2,0
0,1477,2,2,4,4,6,0
2,71,73,2,4,2,5,0
0,-673,9,2,5,3,6,0
0,-210,1,1,11,1,2,0
-1,-172,20,2,5,2,5,0
0,-193,17,2,5,1,6,0
-1,-239,-8,2,11,3,4,0
0,-224,-16,2,11,2,4,0
0,-239,-5,2,11,3,4,0
0,-246,5,2,11,4,2,0
1,1074,-178,-2,12,1,4,0
0,-474,34,1,3,1,2,0
0,-449,13,1,3,2,5,0
0,-435,8,1,3,3,6,0
0,-425,2,2,3,4,3,0
0,373,352,2,5,1,2,0
0,-583,15,-2,6,1,5,0
-1,1287,-87,1,11,1,4,0
0,-864,-13,1,12,2,6,0
0,-884,-5,2,12,4,5,0
